ISO-10303-21;
HEADER;
FILE_DESCRIPTION(('STEP AP242'),
    '1');
FILE_NAME('колеса трубы пылесоса',
    '',
    ('UNSPECIFIED'),
    ('UNSPECIFIED'),
    'C3D Converter',
    'C3D Toolkit',
    '');
FILE_SCHEMA(('AP242_MANAGED_MODEL_BASED_3D_ENGINEERING_MIM_LF { 1 0 10303 442 1 1 4 }'));
ENDSEC;

DATA;
#1=PRODUCT_DEFINITION('','UNSPECIFIED',#31,#34);
#2=SHAPE_DEFINITION_REPRESENTATION(#29,#3);
#3=SHAPE_REPRESENTATION('NONE',(#4),#8);
#4=AXIS2_PLACEMENT_3D('',#5,#6,#7);
#5=CARTESIAN_POINT('',(0.,0.,0.));
#6=DIRECTION('',(0.,0.,1.));
#7=DIRECTION('',(1.,0.,0.));
#8=(GEOMETRIC_REPRESENTATION_CONTEXT(3)GLOBAL_UNCERTAINTY_ASSIGNED_CONTEXT((#10))
GLOBAL_UNIT_ASSIGNED_CONTEXT((#9,#11,#12))REPRESENTATION_CONTEXT('NONE','NONE'));
#9=(LENGTH_UNIT()NAMED_UNIT(*)SI_UNIT(.MILLI.,.METRE.));
#10=UNCERTAINTY_MEASURE_WITH_UNIT(LENGTH_MEASURE(1.E-5),#9,'NONE','NONE');
#11=(NAMED_UNIT(*)PLANE_ANGLE_UNIT()SI_UNIT($,.RADIAN.));
#12=(NAMED_UNIT(*)SI_UNIT($,.STERADIAN.)SOLID_ANGLE_UNIT());
#13=MANIFOLD_SOLID_BREP('',#14);
#14=CLOSED_SHELL('',(#56,#57,#58,#59,#60,#61,#62,#63,#64,#65,#66,#67,#68,#69,#70,
#71,#72,#73,#74,#75,#76,#77,#78,#79,#80,#81,#82,#83,#84,#85,#86,#87,#88,#89,#90,
#91,#92,#93,#94,#95,#96,#97,#98,#99,#100,#101,#102,#103,#104,#105,#106,#107,#108,
#109,#110,#111,#112,#113));
#15=COLOUR_RGB('',0.564705882352941,0.564705882352941,0.564705882352941);
#16=FILL_AREA_STYLE_COLOUR('',#15);
#17=FILL_AREA_STYLE($,(#16));
#18=SURFACE_STYLE_FILL_AREA(#17);
#19=SURFACE_SIDE_STYLE('',(#18));
#20=SURFACE_STYLE_USAGE(.BOTH.,#19);
#21=PRESENTATION_STYLE_ASSIGNMENT((#20));
#22=MECHANICAL_DESIGN_GEOMETRIC_PRESENTATION_REPRESENTATION('NONE',(#23),#8);
#23=STYLED_ITEM('',(#21),#13);
#24=ADVANCED_BREP_SHAPE_REPRESENTATION('NONE',(#13),#8);
#25=SHAPE_REPRESENTATION_RELATIONSHIP('','',#3,#24);
#26=GEOMETRIC_CURVE_SET('',(#114));
#27=GEOMETRICALLY_BOUNDED_WIREFRAME_SHAPE_REPRESENTATION('NONE',(#26),#8);
#28=SHAPE_REPRESENTATION_RELATIONSHIP('','',#3,#27);
#29=PRODUCT_DEFINITION_SHAPE('NONE','NONE',#1);
#30=MECHANICAL_CONTEXT('NONE',#35,'mechanical');
#31=PRODUCT_DEFINITION_FORMATION_WITH_SPECIFIED_SOURCE('ANY','UNSPECIFIED',#32,.NOT_KNOWN.);
#32=PRODUCT('','\X2\043A043E043B043504410430\X0\ \X2\0442044004430431044B\X0\ \X2\043F044B043B04350441043E04410430\X0\',
'NONE',(#30));
#33=PRODUCT_RELATED_PRODUCT_CATEGORY('detail','',(#32));
#34=DESIGN_CONTEXT('detailed design',#35,'design');
#35=APPLICATION_CONTEXT('configuration controlled 3d designs of mechanical parts and assemblies');
#36=APPLICATION_PROTOCOL_DEFINITION('international standard','config_control_design',
1994,#35);
#37=CC_DESIGN_DATE_AND_TIME_ASSIGNMENT(#38,#42,(#1));
#38=DATE_AND_TIME(#39,#40);
#39=CALENDAR_DATE(0,1,1);
#40=LOCAL_TIME(0,0,0.,#41);
#41=COORDINATED_UNIVERSAL_TIME_OFFSET(0,0,.AHEAD.);
#42=DATE_TIME_ROLE('creation_date');
#43=CC_DESIGN_APPROVAL(#44,(#1));
#44=APPROVAL(#45,'UNSPECIFIED');
#45=APPROVAL_STATUS('not_yet_approved');
#46=APPROVAL_DATE_TIME(#47,#44);
#47=DATE_AND_TIME(#48,#49);
#48=CALENDAR_DATE(0,1,1);
#49=LOCAL_TIME(0,0,0.,#50);
#50=COORDINATED_UNIVERSAL_TIME_OFFSET(0,0,.AHEAD.);
#51=PERSON('UNSPECIFIED','ADMIN','UNSPECIFIED',('UNSPECIFIED'),('UNSPECIFIED'),(
'UNSPECIFIED'));
#52=ORGANIZATION('UNSPECIFIED','UNSPECIFIED','UNSPECIFIED');
#53=PERSON_AND_ORGANIZATION(#51,#52);
#54=PERSON_AND_ORGANIZATION_ROLE('creator');
#55=CC_DESIGN_PERSON_AND_ORGANIZATION_ASSIGNMENT(#53,#54,(#31,#1));
#56=ADVANCED_FACE('',(#115,#117),#119,.F.);
#57=ADVANCED_FACE('',(#124),#126,.T.);
#58=ADVANCED_FACE('',(#131),#133,.T.);
#59=ADVANCED_FACE('',(#138,#140),#142,.T.);
#60=ADVANCED_FACE('',(#147),#149,.T.);
#61=ADVANCED_FACE('',(#154),#156,.F.);
#62=ADVANCED_FACE('',(#161),#163,.F.);
#63=ADVANCED_FACE('',(#168),#170,.T.);
#64=ADVANCED_FACE('',(#175),#177,.T.);
#65=ADVANCED_FACE('',(#182),#184,.T.);
#66=ADVANCED_FACE('',(#189),#191,.T.);
#67=ADVANCED_FACE('',(#196),#198,.T.);
#68=ADVANCED_FACE('',(#203),#205,.T.);
#69=ADVANCED_FACE('',(#210),#212,.T.);
#70=ADVANCED_FACE('',(#217),#219,.T.);
#71=ADVANCED_FACE('',(#224),#226,.T.);
#72=ADVANCED_FACE('',(#231),#233,.T.);
#73=ADVANCED_FACE('',(#238),#240,.T.);
#74=ADVANCED_FACE('',(#245),#247,.T.);
#75=ADVANCED_FACE('',(#252),#254,.T.);
#76=ADVANCED_FACE('',(#259),#261,.T.);
#77=ADVANCED_FACE('',(#266),#268,.T.);
#78=ADVANCED_FACE('',(#273),#275,.T.);
#79=ADVANCED_FACE('',(#280),#282,.T.);
#80=ADVANCED_FACE('',(#287),#289,.T.);
#81=ADVANCED_FACE('',(#294),#296,.T.);
#82=ADVANCED_FACE('',(#301),#303,.T.);
#83=ADVANCED_FACE('',(#308),#310,.F.);
#84=ADVANCED_FACE('',(#315),#317,.T.);
#85=ADVANCED_FACE('',(#322),#324,.F.);
#86=ADVANCED_FACE('',(#329),#331,.T.);
#87=ADVANCED_FACE('',(#336),#338,.T.);
#88=ADVANCED_FACE('',(#343),#345,.T.);
#89=ADVANCED_FACE('',(#350),#352,.T.);
#90=ADVANCED_FACE('',(#357),#359,.T.);
#91=ADVANCED_FACE('',(#364),#366,.T.);
#92=ADVANCED_FACE('',(#371),#373,.T.);
#93=ADVANCED_FACE('',(#378),#380,.T.);
#94=ADVANCED_FACE('',(#385),#387,.T.);
#95=ADVANCED_FACE('',(#392),#394,.T.);
#96=ADVANCED_FACE('',(#399),#401,.T.);
#97=ADVANCED_FACE('',(#406),#408,.T.);
#98=ADVANCED_FACE('',(#413),#415,.T.);
#99=ADVANCED_FACE('',(#420),#422,.T.);
#100=ADVANCED_FACE('',(#427),#429,.T.);
#101=ADVANCED_FACE('',(#434),#436,.T.);
#102=ADVANCED_FACE('',(#441),#443,.T.);
#103=ADVANCED_FACE('',(#448),#450,.T.);
#104=ADVANCED_FACE('',(#455),#457,.T.);
#105=ADVANCED_FACE('',(#462),#464,.T.);
#106=ADVANCED_FACE('',(#469,#471),#473,.T.);
#107=ADVANCED_FACE('',(#478,#480),#482,.F.);
#108=ADVANCED_FACE('',(#487,#489),#491,.T.);
#109=ADVANCED_FACE('',(#496,#498),#500,.T.);
#110=ADVANCED_FACE('',(#505,#507),#509,.F.);
#111=ADVANCED_FACE('',(#514,#516),#518,.T.);
#112=ADVANCED_FACE('',(#523),#525,.F.);
#113=ADVANCED_FACE('',(#530),#532,.F.);
#114=CARTESIAN_POINT('',(0.,0.,15.));
#115=FACE_BOUND('',#116,.T.);
#116=EDGE_LOOP('',(#537,#538,#539,#540,#541,#542,#543,#544,#545,#546,#547,#548,#549,
#550,#551,#552,#553,#554,#555,#556,#557));
#117=FACE_BOUND('',#118,.T.);
#118=EDGE_LOOP('',(#558,#559,#560,#561,#562,#563,#564,#565,#566));
#119=CYLINDRICAL_SURFACE('',#120,11.);
#120=AXIS2_PLACEMENT_3D('',#121,#122,#123);
#121=CARTESIAN_POINT('',(0.,0.,0.9));
#122=DIRECTION('',(0.,0.,1.));
#123=DIRECTION('',(6.12323399573677E-17,1.,0.));
#124=FACE_BOUND('',#125,.T.);
#125=EDGE_LOOP('',(#567,#568,#569,#570));
#126=PLANE('',#127);
#127=AXIS2_PLACEMENT_3D('',#128,#129,#130);
#128=CARTESIAN_POINT('',(0.,0.,15.));
#129=DIRECTION('',(0.,0.,1.));
#130=DIRECTION('',(6.12323399573677E-17,1.,0.));
#131=FACE_BOUND('',#132,.T.);
#132=EDGE_LOOP('',(#571,#572,#573,#574,#575,#576));
#133=PLANE('',#134);
#134=AXIS2_PLACEMENT_3D('',#135,#136,#137);
#135=CARTESIAN_POINT('',(0.,0.,15.));
#136=DIRECTION('',(0.,0.,1.));
#137=DIRECTION('',(6.12323399573677E-17,1.,0.));
#138=FACE_BOUND('',#139,.T.);
#139=EDGE_LOOP('',(#577,#578,#579,#580,#581,#582,#583,#584,#585,#586,#587,#588,#589,
#590,#591,#592,#593,#594,#595,#596,#597));
#140=FACE_BOUND('',#141,.T.);
#141=EDGE_LOOP('',(#598,#599,#600,#601,#602,#603,#604,#605,#606));
#142=CYLINDRICAL_SURFACE('',#143,12.490670763153);
#143=AXIS2_PLACEMENT_3D('',#144,#145,#146);
#144=CARTESIAN_POINT('',(0.,0.,0.9));
#145=DIRECTION('',(0.,0.,1.));
#146=DIRECTION('',(6.12323399573677E-17,1.,0.));
#147=FACE_BOUND('',#148,.T.);
#148=EDGE_LOOP('',(#607,#608,#609,#610));
#149=PLANE('',#150);
#150=AXIS2_PLACEMENT_3D('',#151,#152,#153);
#151=CARTESIAN_POINT('',(0.,0.,13.3));
#152=DIRECTION('',(0.,0.,1.));
#153=DIRECTION('',(1.,0.,0.));
#154=FACE_BOUND('',#155,.T.);
#155=EDGE_LOOP('',(#611,#612,#613,#614));
#156=PLANE('',#157);
#157=AXIS2_PLACEMENT_3D('',#158,#159,#160);
#158=CARTESIAN_POINT('',(8.85551996814222,9.67006965323161,13.3));
#159=DIRECTION('',(-0.737664617940807,0.675167321068077,0.));
#160=DIRECTION('',(-0.675167321068077,-0.737664617940807,0.));
#161=FACE_BOUND('',#162,.T.);
#162=EDGE_LOOP('',(#615,#616,#617,#618));
#163=PLANE('',#164);
#164=AXIS2_PLACEMENT_3D('',#165,#166,#167);
#165=CARTESIAN_POINT('',(7.94577577982212,6.50507719044171,13.3));
#166=DIRECTION('',(0.737664617940807,-0.675167321068076,0.));
#167=DIRECTION('',(0.675167321068076,0.737664617940807,0.));
#168=FACE_BOUND('',#169,.T.);
#169=EDGE_LOOP('',(#619,#620,#621,#622,#623,#624));
#170=PLANE('',#171);
#171=AXIS2_PLACEMENT_3D('',#172,#173,#174);
#172=CARTESIAN_POINT('',(0.,0.,1.9));
#173=DIRECTION('',(0.,0.,1.));
#174=DIRECTION('',(6.12323399573677E-17,1.,0.));
#175=FACE_BOUND('',#176,.T.);
#176=EDGE_LOOP('',(#625,#626,#627,#628));
#177=PLANE('',#178);
#178=AXIS2_PLACEMENT_3D('',#179,#180,#181);
#179=CARTESIAN_POINT('',(2.51476375749644,21.4531108057545,1.9));
#180=DIRECTION('',(-0.992835566660372,0.119488650399019,0.));
#181=DIRECTION('',(-0.119488650399019,-0.992835566660372,0.));
#182=FACE_BOUND('',#183,.T.);
#183=EDGE_LOOP('',(#629,#630,#631,#632));
#184=PLANE('',#185);
#185=AXIS2_PLACEMENT_3D('',#186,#187,#188);
#186=CARTESIAN_POINT('',(2.71043287354237,10.6608420698377,10.4));
#187=DIRECTION('',(0.,0.,1.));
#188=DIRECTION('',(-0.969167460894334,0.246402988503851,0.));
#189=FACE_BOUND('',#190,.T.);
#190=EDGE_LOOP('',(#633,#634,#635,#636));
#191=PLANE('',#192);
#192=AXIS2_PLACEMENT_3D('',#193,#194,#195);
#193=CARTESIAN_POINT('',(1.61259391979148,3.10637100969146,1.9));
#194=DIRECTION('',(0.989604963389232,-0.143812434912272,0.));
#195=DIRECTION('',(0.143812434912272,0.989604963389232,0.));
#196=FACE_BOUND('',#197,.T.);
#197=EDGE_LOOP('',(#637,#638,#639,#640));
#198=PLANE('',#199);
#199=AXIS2_PLACEMENT_3D('',#200,#201,#202);
#200=CARTESIAN_POINT('',(0.,0.,1.9));
#201=DIRECTION('',(0.,0.,1.));
#202=DIRECTION('',(6.12323399573677E-17,1.,0.));
#203=FACE_BOUND('',#204,.T.);
#204=EDGE_LOOP('',(#641,#642,#643,#644));
#205=PLANE('',#206);
#206=AXIS2_PLACEMENT_3D('',#207,#208,#209);
#207=CARTESIAN_POINT('',(21.1802255645194,4.2376933626771,1.9));
#208=DIRECTION('',(-0.193162603132636,0.981166758890162,0.));
#209=DIRECTION('',(-0.981166758890162,-0.193162603132636,0.));
#210=FACE_BOUND('',#211,.T.);
#211=EDGE_LOOP('',(#645,#646,#647,#648));
#212=PLANE('',#213);
#213=AXIS2_PLACEMENT_3D('',#214,#215,#216);
#214=CARTESIAN_POINT('',(10.9766331397497,0.716606527564167,10.4));
#215=DIRECTION('',(0.,0.,1.));
#216=DIRECTION('',(-0.0651460479603789,0.99787573997725,0.));
#217=FACE_BOUND('',#218,.T.);
#218=EDGE_LOOP('',(#649,#650,#651,#652));
#219=PLANE('',#220);
#220=AXIS2_PLACEMENT_3D('',#221,#222,#223);
#221=CARTESIAN_POINT('',(3.4526533170387,-0.573746522727302,1.9));
#222=DIRECTION('',(0.169030998057481,-0.985610735379689,0.));
#223=DIRECTION('',(0.985610735379689,0.169030998057481,0.));
#224=FACE_BOUND('',#225,.T.);
#225=EDGE_LOOP('',(#653,#654,#655,#656));
#226=PLANE('',#227);
#227=AXIS2_PLACEMENT_3D('',#228,#229,#230);
#228=CARTESIAN_POINT('',(0.,0.,1.9));
#229=DIRECTION('',(0.,0.,1.));
#230=DIRECTION('',(6.12323399573677E-17,1.,0.));
#231=FACE_BOUND('',#232,.T.);
#232=EDGE_LOOP('',(#657,#658,#659,#660));
#233=PLANE('',#234);
#234=AXIS2_PLACEMENT_3D('',#235,#236,#237);
#235=CARTESIAN_POINT('',(10.575335530766,-18.8340722737203,1.9));
#236=DIRECTION('',(0.873454512568996,0.486905755226674,0.));
#237=DIRECTION('',(-0.486905755226674,0.873454512568996,0.));
#238=FACE_BOUND('',#239,.T.);
#239=EDGE_LOOP('',(#661,#662,#663,#664));
#240=PLANE('',#241);
#241=AXIS2_PLACEMENT_3D('',#242,#243,#244);
#242=CARTESIAN_POINT('',(4.07349948886145,-10.217954879243,10.4));
#243=DIRECTION('',(0.,0.,1.));
#244=DIRECTION('',(0.928904989022089,0.370318135351041,0.));
#245=FACE_BOUND('',#246,.T.);
#246=EDGE_LOOP('',(#665,#666,#667,#668));
#247=PLANE('',#248);
#248=AXIS2_PLACEMENT_3D('',#249,#250,#251);
#249=CARTESIAN_POINT('',(0.521263181508505,-3.460965861664,1.9));
#250=DIRECTION('',(-0.885138061437391,-0.465328499229154,0.));
#251=DIRECTION('',(0.465328499229154,-0.885138061437391,0.));
#252=FACE_BOUND('',#253,.T.);
#253=EDGE_LOOP('',(#669,#670,#671,#672));
#254=PLANE('',#255);
#255=AXIS2_PLACEMENT_3D('',#256,#257,#258);
#256=CARTESIAN_POINT('',(0.,0.,1.9));
#257=DIRECTION('',(0.,0.,1.));
#258=DIRECTION('',(6.12323399573677E-17,1.,0.));
#259=FACE_BOUND('',#260,.T.);
#260=EDGE_LOOP('',(#673,#674,#675,#676));
#261=PLANE('',#262);
#262=AXIS2_PLACEMENT_3D('',#263,#264,#265);
#263=CARTESIAN_POINT('',(-14.6443087640716,-15.8777901744082,1.9));
#264=DIRECTION('',(0.732987179527247,-0.68024245284214,0.));
#265=DIRECTION('',(0.68024245284214,0.732987179527247,0.));
#266=FACE_BOUND('',#267,.T.);
#267=EDGE_LOOP('',(#677,#678,#679,#680));
#268=PLANE('',#269);
#269=AXIS2_PLACEMENT_3D('',#270,#271,#272);
#270=CARTESIAN_POINT('',(-8.45907200247805,-7.03164993844916,10.4));
#271=DIRECTION('',(0.,0.,1.));
#272=DIRECTION('',(0.639240903495378,-0.769006545679822,0.));
#273=FACE_BOUND('',#274,.T.);
#274=EDGE_LOOP('',(#681,#682,#683,#684));
#275=PLANE('',#276);
#276=AXIS2_PLACEMENT_3D('',#277,#278,#279);
#277=CARTESIAN_POINT('',(-3.13049495378254,-1.56524801368412,1.9));
#278=DIRECTION('',(-0.716076404761982,0.698021906922093,0.));
#279=DIRECTION('',(-0.698021906922093,-0.716076404761982,0.));
#280=FACE_BOUND('',#281,.T.);
#281=EDGE_LOOP('',(#685,#686,#687,#688));
#282=PLANE('',#283);
#283=AXIS2_PLACEMENT_3D('',#284,#285,#286);
#284=CARTESIAN_POINT('',(0.,0.,1.9));
#285=DIRECTION('',(0.,0.,1.));
#286=DIRECTION('',(6.12323399573677E-17,1.,0.));
#287=FACE_BOUND('',#288,.T.);
#288=EDGE_LOOP('',(#689,#690,#691,#692));
#289=PLANE('',#290);
#290=AXIS2_PLACEMENT_3D('',#291,#292,#293);
#291=CARTESIAN_POINT('',(-19.6260160887102,9.02105827969685,1.9));
#292=DIRECTION('',(-0.420443522303236,-0.907318711673714,0.));
#293=DIRECTION('',(0.907318711673714,-0.420443522303236,0.));
#294=FACE_BOUND('',#295,.T.);
#295=EDGE_LOOP('',(#693,#694,#695,#696));
#296=PLANE('',#297);
#297=AXIS2_PLACEMENT_3D('',#298,#299,#300);
#298=CARTESIAN_POINT('',(-9.30149349967552,5.8721562202903,10.4));
#299=DIRECTION('',(0.,0.,1.));
#300=DIRECTION('',(-0.533832383662754,-0.84559031815232,0.));
#301=FACE_BOUND('',#302,.T.);
#302=EDGE_LOOP('',(#697,#698,#699,#700));
#303=PLANE('',#304);
#304=AXIS2_PLACEMENT_3D('',#305,#306,#307);
#305=CARTESIAN_POINT('',(-2.45601546455614,2.49358938838396,1.9));
#306=DIRECTION('',(0.44257850475266,0.896729762599023,0.));
#307=DIRECTION('',(-0.896729762599023,0.44257850475266,0.));
#308=FACE_BOUND('',#309,.T.);
#309=EDGE_LOOP('',(#701,#702,#703,#704));
#310=PLANE('',#311);
#311=AXIS2_PLACEMENT_3D('',#312,#313,#314);
#312=CARTESIAN_POINT('',(-7.94577577982212,-6.50507719044171,13.3));
#313=DIRECTION('',(-0.737664617940807,0.675167321068076,0.));
#314=DIRECTION('',(-0.675167321068076,-0.737664617940807,0.));
#315=FACE_BOUND('',#316,.T.);
#316=EDGE_LOOP('',(#705,#706,#707,#708));
#317=PLANE('',#318);
#318=AXIS2_PLACEMENT_3D('',#319,#320,#321);
#319=CARTESIAN_POINT('',(0.,0.,13.3));
#320=DIRECTION('',(0.,0.,1.));
#321=DIRECTION('',(-1.,1.22464679914735E-16,0.));
#322=FACE_BOUND('',#323,.T.);
#323=EDGE_LOOP('',(#709,#710,#711,#712));
#324=PLANE('',#325);
#325=AXIS2_PLACEMENT_3D('',#326,#327,#328);
#326=CARTESIAN_POINT('',(-8.85551996814223,-9.67006965323161,13.3));
#327=DIRECTION('',(0.737664617940807,-0.675167321068077,0.));
#328=DIRECTION('',(0.675167321068077,0.737664617940807,0.));
#329=FACE_BOUND('',#330,.T.);
#330=EDGE_LOOP('',(#713,#714,#715,#716,#717,#718));
#331=PLANE('',#332);
#332=AXIS2_PLACEMENT_3D('',#333,#334,#335);
#333=CARTESIAN_POINT('',(0.,0.,1.9));
#334=DIRECTION('',(0.,0.,1.));
#335=DIRECTION('',(6.12323399573677E-17,1.,0.));
#336=FACE_BOUND('',#337,.T.);
#337=EDGE_LOOP('',(#719,#720,#721,#722));
#338=PLANE('',#339);
#339=AXIS2_PLACEMENT_3D('',#340,#341,#342);
#340=CARTESIAN_POINT('',(-2.45601546455614,2.49358938838396,1.9));
#341=DIRECTION('',(0.44257850475266,0.896729762599023,0.));
#342=DIRECTION('',(-0.896729762599023,0.44257850475266,0.));
#343=FACE_BOUND('',#344,.T.);
#344=EDGE_LOOP('',(#723,#724,#725,#726));
#345=PLANE('',#346);
#346=AXIS2_PLACEMENT_3D('',#347,#348,#349);
#347=CARTESIAN_POINT('',(0.,0.,11.9));
#348=DIRECTION('',(0.,0.,1.));
#349=DIRECTION('',(0.951056516295154,0.309016994374947,0.));
#350=FACE_BOUND('',#351,.T.);
#351=EDGE_LOOP('',(#727,#728,#729,#730));
#352=PLANE('',#353);
#353=AXIS2_PLACEMENT_3D('',#354,#355,#356);
#354=CARTESIAN_POINT('',(-19.6260160887102,9.02105827969685,1.9));
#355=DIRECTION('',(-0.420443522303236,-0.907318711673714,0.));
#356=DIRECTION('',(0.907318711673714,-0.420443522303236,0.));
#357=FACE_BOUND('',#358,.T.);
#358=EDGE_LOOP('',(#731,#732,#733,#734));
#359=PLANE('',#360);
#360=AXIS2_PLACEMENT_3D('',#361,#362,#363);
#361=CARTESIAN_POINT('',(0.,0.,1.9));
#362=DIRECTION('',(0.,0.,1.));
#363=DIRECTION('',(6.12323399573677E-17,1.,0.));
#364=FACE_BOUND('',#365,.T.);
#365=EDGE_LOOP('',(#735,#736,#737,#738));
#366=PLANE('',#367);
#367=AXIS2_PLACEMENT_3D('',#368,#369,#370);
#368=CARTESIAN_POINT('',(-3.13049495378254,-1.56524801368412,1.9));
#369=DIRECTION('',(-0.716076404761982,0.698021906922093,0.));
#370=DIRECTION('',(-0.698021906922093,-0.716076404761982,0.));
#371=FACE_BOUND('',#372,.T.);
#372=EDGE_LOOP('',(#739,#740,#741,#742));
#373=PLANE('',#374);
#374=AXIS2_PLACEMENT_3D('',#375,#376,#377);
#375=CARTESIAN_POINT('',(0.,0.,11.9));
#376=DIRECTION('',(0.,0.,1.));
#377=DIRECTION('',(6.12323399573677E-17,1.,0.));
#378=FACE_BOUND('',#379,.T.);
#379=EDGE_LOOP('',(#743,#744,#745,#746));
#380=PLANE('',#381);
#381=AXIS2_PLACEMENT_3D('',#382,#383,#384);
#382=CARTESIAN_POINT('',(-14.6443087640716,-15.8777901744082,1.9));
#383=DIRECTION('',(0.732987179527247,-0.68024245284214,0.));
#384=DIRECTION('',(0.68024245284214,0.732987179527247,0.));
#385=FACE_BOUND('',#386,.T.);
#386=EDGE_LOOP('',(#747,#748,#749,#750));
#387=PLANE('',#388);
#388=AXIS2_PLACEMENT_3D('',#389,#390,#391);
#389=CARTESIAN_POINT('',(0.,0.,1.9));
#390=DIRECTION('',(0.,0.,1.));
#391=DIRECTION('',(6.12323399573677E-17,1.,0.));
#392=FACE_BOUND('',#393,.T.);
#393=EDGE_LOOP('',(#751,#752,#753,#754));
#394=PLANE('',#395);
#395=AXIS2_PLACEMENT_3D('',#396,#397,#398);
#396=CARTESIAN_POINT('',(0.521263181508505,-3.460965861664,1.9));
#397=DIRECTION('',(-0.885138061437391,-0.465328499229154,0.));
#398=DIRECTION('',(0.465328499229154,-0.885138061437391,0.));
#399=FACE_BOUND('',#400,.T.);
#400=EDGE_LOOP('',(#755,#756,#757,#758));
#401=PLANE('',#402);
#402=AXIS2_PLACEMENT_3D('',#403,#404,#405);
#403=CARTESIAN_POINT('',(0.,0.,11.9));
#404=DIRECTION('',(0.,0.,1.));
#405=DIRECTION('',(-0.951056516295153,0.309016994374947,0.));
#406=FACE_BOUND('',#407,.T.);
#407=EDGE_LOOP('',(#759,#760,#761,#762));
#408=PLANE('',#409);
#409=AXIS2_PLACEMENT_3D('',#410,#411,#412);
#410=CARTESIAN_POINT('',(10.575335530766,-18.8340722737203,1.9));
#411=DIRECTION('',(0.873454512568996,0.486905755226674,0.));
#412=DIRECTION('',(-0.486905755226674,0.873454512568996,0.));
#413=FACE_BOUND('',#414,.T.);
#414=EDGE_LOOP('',(#763,#764,#765,#766));
#415=PLANE('',#416);
#416=AXIS2_PLACEMENT_3D('',#417,#418,#419);
#417=CARTESIAN_POINT('',(0.,0.,1.9));
#418=DIRECTION('',(0.,0.,1.));
#419=DIRECTION('',(6.12323399573677E-17,1.,0.));
#420=FACE_BOUND('',#421,.T.);
#421=EDGE_LOOP('',(#767,#768,#769,#770));
#422=PLANE('',#423);
#423=AXIS2_PLACEMENT_3D('',#424,#425,#426);
#424=CARTESIAN_POINT('',(3.4526533170387,-0.573746522727302,1.9));
#425=DIRECTION('',(0.169030998057481,-0.985610735379689,0.));
#426=DIRECTION('',(0.985610735379689,0.169030998057481,0.));
#427=FACE_BOUND('',#428,.T.);
#428=EDGE_LOOP('',(#771,#772,#773,#774));
#429=PLANE('',#430);
#430=AXIS2_PLACEMENT_3D('',#431,#432,#433);
#431=CARTESIAN_POINT('',(0.,0.,11.9));
#432=DIRECTION('',(0.,0.,1.));
#433=DIRECTION('',(-0.587785252292473,-0.809016994374948,0.));
#434=FACE_BOUND('',#435,.T.);
#435=EDGE_LOOP('',(#775,#776,#777,#778));
#436=PLANE('',#437);
#437=AXIS2_PLACEMENT_3D('',#438,#439,#440);
#438=CARTESIAN_POINT('',(21.1802255645194,4.2376933626771,1.9));
#439=DIRECTION('',(-0.193162603132636,0.981166758890162,0.));
#440=DIRECTION('',(-0.981166758890162,-0.193162603132636,0.));
#441=FACE_BOUND('',#442,.T.);
#442=EDGE_LOOP('',(#779,#780,#781,#782));
#443=PLANE('',#444);
#444=AXIS2_PLACEMENT_3D('',#445,#446,#447);
#445=CARTESIAN_POINT('',(0.,0.,1.9));
#446=DIRECTION('',(0.,0.,1.));
#447=DIRECTION('',(6.12323399573677E-17,1.,0.));
#448=FACE_BOUND('',#449,.T.);
#449=EDGE_LOOP('',(#783,#784,#785,#786));
#450=PLANE('',#451);
#451=AXIS2_PLACEMENT_3D('',#452,#453,#454);
#452=CARTESIAN_POINT('',(1.61259391979148,3.10637100969146,1.9));
#453=DIRECTION('',(0.989604963389232,-0.143812434912272,0.));
#454=DIRECTION('',(0.143812434912272,0.989604963389232,0.));
#455=FACE_BOUND('',#456,.T.);
#456=EDGE_LOOP('',(#787,#788,#789,#790));
#457=PLANE('',#458);
#458=AXIS2_PLACEMENT_3D('',#459,#460,#461);
#459=CARTESIAN_POINT('',(0.,0.,11.9));
#460=DIRECTION('',(0.,0.,1.));
#461=DIRECTION('',(0.587785252292473,-0.809016994374947,0.));
#462=FACE_BOUND('',#463,.T.);
#463=EDGE_LOOP('',(#791,#792,#793,#794));
#464=PLANE('',#465);
#465=AXIS2_PLACEMENT_3D('',#466,#467,#468);
#466=CARTESIAN_POINT('',(2.51476375749644,21.4531108057545,1.9));
#467=DIRECTION('',(-0.992835566660372,0.119488650399019,0.));
#468=DIRECTION('',(-0.119488650399019,-0.992835566660372,0.));
#469=FACE_BOUND('',#470,.T.);
#470=EDGE_LOOP('',(#795,#796,#797,#798,#799,#800,#801,#802,#803,#804,#805,#806,#807,
#808,#809,#810,#811,#812,#813,#814,#815));
#471=FACE_OUTER_BOUND('',#472,.T.);
#472=EDGE_LOOP('',(#816));
#473=CYLINDRICAL_SURFACE('',#474,3.5);
#474=AXIS2_PLACEMENT_3D('',#475,#476,#477);
#475=CARTESIAN_POINT('',(0.,0.,1.9));
#476=DIRECTION('',(0.,0.,1.));
#477=DIRECTION('',(6.12323399573677E-17,1.,0.));
#478=FACE_BOUND('',#479,.T.);
#479=EDGE_LOOP('',(#817,#818,#819,#820,#821,#822,#823,#824,#825,#826,#827,#828,#829,
#830,#831,#832,#833,#834,#835,#836,#837));
#480=FACE_OUTER_BOUND('',#481,.T.);
#481=EDGE_LOOP('',(#838));
#482=CYLINDRICAL_SURFACE('',#483,21.6);
#483=AXIS2_PLACEMENT_3D('',#484,#485,#486);
#484=CARTESIAN_POINT('',(0.,0.,0.));
#485=DIRECTION('',(0.,0.,1.));
#486=DIRECTION('',(6.12323399573677E-17,1.,0.));
#487=FACE_BOUND('',#488,.T.);
#488=EDGE_LOOP('',(#839));
#489=FACE_BOUND('',#490,.T.);
#490=EDGE_LOOP('',(#840));
#491=PLANE('',#492);
#492=AXIS2_PLACEMENT_3D('',#493,#494,#495);
#493=CARTESIAN_POINT('',(0.,0.,15.));
#494=DIRECTION('',(0.,0.,1.));
#495=DIRECTION('',(6.12323399573677E-17,1.,0.));
#496=FACE_BOUND('',#497,.T.);
#497=EDGE_LOOP('',(#841));
#498=FACE_BOUND('',#499,.T.);
#499=EDGE_LOOP('',(#842));
#500=PLANE('',#501);
#501=AXIS2_PLACEMENT_3D('',#502,#503,#504);
#502=CARTESIAN_POINT('',(0.,0.,15.));
#503=DIRECTION('',(0.,0.,1.));
#504=DIRECTION('',(6.12323399573677E-17,1.,0.));
#505=FACE_OUTER_BOUND('',#506,.T.);
#506=EDGE_LOOP('',(#843));
#507=FACE_OUTER_BOUND('',#508,.T.);
#508=EDGE_LOOP('',(#844));
#509=CYLINDRICAL_SURFACE('',#510,2.45);
#510=AXIS2_PLACEMENT_3D('',#511,#512,#513);
#511=CARTESIAN_POINT('',(0.,0.,6.5));
#512=DIRECTION('',(0.,0.,1.));
#513=DIRECTION('',(0.,1.,0.));
#514=FACE_OUTER_BOUND('',#515,.T.);
#515=EDGE_LOOP('',(#845));
#516=FACE_OUTER_BOUND('',#517,.T.);
#517=EDGE_LOOP('',(#846));
#518=CYLINDRICAL_SURFACE('',#519,23.5);
#519=AXIS2_PLACEMENT_3D('',#520,#521,#522);
#520=CARTESIAN_POINT('',(0.,0.,0.));
#521=DIRECTION('',(0.,0.,1.));
#522=DIRECTION('',(6.12323399573677E-17,1.,0.));
#523=FACE_BOUND('',#524,.T.);
#524=EDGE_LOOP('',(#847));
#525=PLANE('',#526);
#526=AXIS2_PLACEMENT_3D('',#527,#528,#529);
#527=CARTESIAN_POINT('',(0.,0.,6.5));
#528=DIRECTION('',(0.,0.,-1.));
#529=DIRECTION('',(0.,1.,0.));
#530=FACE_BOUND('',#531,.T.);
#531=EDGE_LOOP('',(#848));
#532=PLANE('',#533);
#533=AXIS2_PLACEMENT_3D('',#534,#535,#536);
#534=CARTESIAN_POINT('',(0.,0.,0.));
#535=DIRECTION('',(0.,0.,1.));
#536=DIRECTION('',(6.12323399573677E-17,1.,0.));
#537=ORIENTED_EDGE('',*,*,#849,.T.);
#538=ORIENTED_EDGE('',*,*,#850,.T.);
#539=ORIENTED_EDGE('',*,*,#851,.T.);
#540=ORIENTED_EDGE('',*,*,#852,.F.);
#541=ORIENTED_EDGE('',*,*,#853,.T.);
#542=ORIENTED_EDGE('',*,*,#854,.T.);
#543=ORIENTED_EDGE('',*,*,#855,.T.);
#544=ORIENTED_EDGE('',*,*,#856,.F.);
#545=ORIENTED_EDGE('',*,*,#857,.T.);
#546=ORIENTED_EDGE('',*,*,#858,.T.);
#547=ORIENTED_EDGE('',*,*,#859,.T.);
#548=ORIENTED_EDGE('',*,*,#860,.F.);
#549=ORIENTED_EDGE('',*,*,#861,.T.);
#550=ORIENTED_EDGE('',*,*,#862,.T.);
#551=ORIENTED_EDGE('',*,*,#863,.T.);
#552=ORIENTED_EDGE('',*,*,#864,.T.);
#553=ORIENTED_EDGE('',*,*,#865,.F.);
#554=ORIENTED_EDGE('',*,*,#866,.T.);
#555=ORIENTED_EDGE('',*,*,#867,.T.);
#556=ORIENTED_EDGE('',*,*,#868,.T.);
#557=ORIENTED_EDGE('',*,*,#869,.F.);
#558=ORIENTED_EDGE('',*,*,#870,.T.);
#559=ORIENTED_EDGE('',*,*,#871,.T.);
#560=ORIENTED_EDGE('',*,*,#872,.T.);
#561=ORIENTED_EDGE('',*,*,#873,.F.);
#562=ORIENTED_EDGE('',*,*,#874,.F.);
#563=ORIENTED_EDGE('',*,*,#875,.T.);
#564=ORIENTED_EDGE('',*,*,#876,.T.);
#565=ORIENTED_EDGE('',*,*,#877,.T.);
#566=ORIENTED_EDGE('',*,*,#878,.F.);
#567=ORIENTED_EDGE('',*,*,#879,.T.);
#568=ORIENTED_EDGE('',*,*,#878,.T.);
#569=ORIENTED_EDGE('',*,*,#880,.T.);
#570=ORIENTED_EDGE('',*,*,#881,.T.);
#571=ORIENTED_EDGE('',*,*,#882,.T.);
#572=ORIENTED_EDGE('',*,*,#883,.T.);
#573=ORIENTED_EDGE('',*,*,#884,.T.);
#574=ORIENTED_EDGE('',*,*,#885,.T.);
#575=ORIENTED_EDGE('',*,*,#874,.T.);
#576=ORIENTED_EDGE('',*,*,#873,.T.);
#577=ORIENTED_EDGE('',*,*,#886,.T.);
#578=ORIENTED_EDGE('',*,*,#887,.T.);
#579=ORIENTED_EDGE('',*,*,#888,.T.);
#580=ORIENTED_EDGE('',*,*,#889,.T.);
#581=ORIENTED_EDGE('',*,*,#890,.T.);
#582=ORIENTED_EDGE('',*,*,#891,.T.);
#583=ORIENTED_EDGE('',*,*,#892,.T.);
#584=ORIENTED_EDGE('',*,*,#893,.T.);
#585=ORIENTED_EDGE('',*,*,#894,.T.);
#586=ORIENTED_EDGE('',*,*,#895,.T.);
#587=ORIENTED_EDGE('',*,*,#896,.T.);
#588=ORIENTED_EDGE('',*,*,#897,.T.);
#589=ORIENTED_EDGE('',*,*,#898,.T.);
#590=ORIENTED_EDGE('',*,*,#899,.T.);
#591=ORIENTED_EDGE('',*,*,#900,.T.);
#592=ORIENTED_EDGE('',*,*,#901,.T.);
#593=ORIENTED_EDGE('',*,*,#902,.T.);
#594=ORIENTED_EDGE('',*,*,#903,.T.);
#595=ORIENTED_EDGE('',*,*,#904,.T.);
#596=ORIENTED_EDGE('',*,*,#905,.T.);
#597=ORIENTED_EDGE('',*,*,#906,.T.);
#598=ORIENTED_EDGE('',*,*,#881,.F.);
#599=ORIENTED_EDGE('',*,*,#907,.T.);
#600=ORIENTED_EDGE('',*,*,#908,.T.);
#601=ORIENTED_EDGE('',*,*,#909,.T.);
#602=ORIENTED_EDGE('',*,*,#884,.F.);
#603=ORIENTED_EDGE('',*,*,#883,.F.);
#604=ORIENTED_EDGE('',*,*,#910,.T.);
#605=ORIENTED_EDGE('',*,*,#911,.T.);
#606=ORIENTED_EDGE('',*,*,#912,.T.);
#607=ORIENTED_EDGE('',*,*,#911,.F.);
#608=ORIENTED_EDGE('',*,*,#913,.T.);
#609=ORIENTED_EDGE('',*,*,#871,.F.);
#610=ORIENTED_EDGE('',*,*,#914,.T.);
#611=ORIENTED_EDGE('',*,*,#910,.F.);
#612=ORIENTED_EDGE('',*,*,#882,.F.);
#613=ORIENTED_EDGE('',*,*,#872,.F.);
#614=ORIENTED_EDGE('',*,*,#913,.F.);
#615=ORIENTED_EDGE('',*,*,#912,.F.);
#616=ORIENTED_EDGE('',*,*,#914,.F.);
#617=ORIENTED_EDGE('',*,*,#870,.F.);
#618=ORIENTED_EDGE('',*,*,#879,.F.);
#619=ORIENTED_EDGE('',*,*,#862,.F.);
#620=ORIENTED_EDGE('',*,*,#915,.F.);
#621=ORIENTED_EDGE('',*,*,#916,.F.);
#622=ORIENTED_EDGE('',*,*,#917,.F.);
#623=ORIENTED_EDGE('',*,*,#918,.F.);
#624=ORIENTED_EDGE('',*,*,#863,.F.);
#625=ORIENTED_EDGE('',*,*,#919,.T.);
#626=ORIENTED_EDGE('',*,*,#864,.F.);
#627=ORIENTED_EDGE('',*,*,#918,.T.);
#628=ORIENTED_EDGE('',*,*,#920,.T.);
#629=ORIENTED_EDGE('',*,*,#919,.F.);
#630=ORIENTED_EDGE('',*,*,#921,.T.);
#631=ORIENTED_EDGE('',*,*,#922,.F.);
#632=ORIENTED_EDGE('',*,*,#865,.T.);
#633=ORIENTED_EDGE('',*,*,#922,.T.);
#634=ORIENTED_EDGE('',*,*,#923,.T.);
#635=ORIENTED_EDGE('',*,*,#924,.T.);
#636=ORIENTED_EDGE('',*,*,#866,.F.);
#637=ORIENTED_EDGE('',*,*,#867,.F.);
#638=ORIENTED_EDGE('',*,*,#924,.F.);
#639=ORIENTED_EDGE('',*,*,#925,.F.);
#640=ORIENTED_EDGE('',*,*,#926,.F.);
#641=ORIENTED_EDGE('',*,*,#927,.T.);
#642=ORIENTED_EDGE('',*,*,#868,.F.);
#643=ORIENTED_EDGE('',*,*,#926,.T.);
#644=ORIENTED_EDGE('',*,*,#928,.T.);
#645=ORIENTED_EDGE('',*,*,#927,.F.);
#646=ORIENTED_EDGE('',*,*,#929,.T.);
#647=ORIENTED_EDGE('',*,*,#930,.F.);
#648=ORIENTED_EDGE('',*,*,#869,.T.);
#649=ORIENTED_EDGE('',*,*,#930,.T.);
#650=ORIENTED_EDGE('',*,*,#931,.T.);
#651=ORIENTED_EDGE('',*,*,#932,.T.);
#652=ORIENTED_EDGE('',*,*,#849,.F.);
#653=ORIENTED_EDGE('',*,*,#850,.F.);
#654=ORIENTED_EDGE('',*,*,#932,.F.);
#655=ORIENTED_EDGE('',*,*,#933,.F.);
#656=ORIENTED_EDGE('',*,*,#934,.F.);
#657=ORIENTED_EDGE('',*,*,#935,.T.);
#658=ORIENTED_EDGE('',*,*,#851,.F.);
#659=ORIENTED_EDGE('',*,*,#934,.T.);
#660=ORIENTED_EDGE('',*,*,#936,.T.);
#661=ORIENTED_EDGE('',*,*,#935,.F.);
#662=ORIENTED_EDGE('',*,*,#937,.T.);
#663=ORIENTED_EDGE('',*,*,#938,.F.);
#664=ORIENTED_EDGE('',*,*,#852,.T.);
#665=ORIENTED_EDGE('',*,*,#938,.T.);
#666=ORIENTED_EDGE('',*,*,#939,.T.);
#667=ORIENTED_EDGE('',*,*,#940,.T.);
#668=ORIENTED_EDGE('',*,*,#853,.F.);
#669=ORIENTED_EDGE('',*,*,#854,.F.);
#670=ORIENTED_EDGE('',*,*,#940,.F.);
#671=ORIENTED_EDGE('',*,*,#941,.F.);
#672=ORIENTED_EDGE('',*,*,#942,.F.);
#673=ORIENTED_EDGE('',*,*,#943,.T.);
#674=ORIENTED_EDGE('',*,*,#855,.F.);
#675=ORIENTED_EDGE('',*,*,#942,.T.);
#676=ORIENTED_EDGE('',*,*,#944,.T.);
#677=ORIENTED_EDGE('',*,*,#943,.F.);
#678=ORIENTED_EDGE('',*,*,#945,.T.);
#679=ORIENTED_EDGE('',*,*,#946,.F.);
#680=ORIENTED_EDGE('',*,*,#856,.T.);
#681=ORIENTED_EDGE('',*,*,#946,.T.);
#682=ORIENTED_EDGE('',*,*,#947,.T.);
#683=ORIENTED_EDGE('',*,*,#948,.T.);
#684=ORIENTED_EDGE('',*,*,#857,.F.);
#685=ORIENTED_EDGE('',*,*,#858,.F.);
#686=ORIENTED_EDGE('',*,*,#948,.F.);
#687=ORIENTED_EDGE('',*,*,#949,.F.);
#688=ORIENTED_EDGE('',*,*,#950,.F.);
#689=ORIENTED_EDGE('',*,*,#951,.T.);
#690=ORIENTED_EDGE('',*,*,#859,.F.);
#691=ORIENTED_EDGE('',*,*,#950,.T.);
#692=ORIENTED_EDGE('',*,*,#952,.T.);
#693=ORIENTED_EDGE('',*,*,#951,.F.);
#694=ORIENTED_EDGE('',*,*,#953,.T.);
#695=ORIENTED_EDGE('',*,*,#954,.F.);
#696=ORIENTED_EDGE('',*,*,#860,.T.);
#697=ORIENTED_EDGE('',*,*,#954,.T.);
#698=ORIENTED_EDGE('',*,*,#955,.T.);
#699=ORIENTED_EDGE('',*,*,#915,.T.);
#700=ORIENTED_EDGE('',*,*,#861,.F.);
#701=ORIENTED_EDGE('',*,*,#875,.F.);
#702=ORIENTED_EDGE('',*,*,#885,.F.);
#703=ORIENTED_EDGE('',*,*,#909,.F.);
#704=ORIENTED_EDGE('',*,*,#956,.F.);
#705=ORIENTED_EDGE('',*,*,#876,.F.);
#706=ORIENTED_EDGE('',*,*,#956,.T.);
#707=ORIENTED_EDGE('',*,*,#908,.F.);
#708=ORIENTED_EDGE('',*,*,#957,.T.);
#709=ORIENTED_EDGE('',*,*,#877,.F.);
#710=ORIENTED_EDGE('',*,*,#957,.F.);
#711=ORIENTED_EDGE('',*,*,#907,.F.);
#712=ORIENTED_EDGE('',*,*,#880,.F.);
#713=ORIENTED_EDGE('',*,*,#893,.F.);
#714=ORIENTED_EDGE('',*,*,#892,.F.);
#715=ORIENTED_EDGE('',*,*,#958,.F.);
#716=ORIENTED_EDGE('',*,*,#959,.T.);
#717=ORIENTED_EDGE('',*,*,#960,.T.);
#718=ORIENTED_EDGE('',*,*,#961,.F.);
#719=ORIENTED_EDGE('',*,*,#894,.F.);
#720=ORIENTED_EDGE('',*,*,#961,.T.);
#721=ORIENTED_EDGE('',*,*,#962,.T.);
#722=ORIENTED_EDGE('',*,*,#963,.F.);
#723=ORIENTED_EDGE('',*,*,#895,.F.);
#724=ORIENTED_EDGE('',*,*,#963,.T.);
#725=ORIENTED_EDGE('',*,*,#964,.T.);
#726=ORIENTED_EDGE('',*,*,#965,.T.);
#727=ORIENTED_EDGE('',*,*,#896,.F.);
#728=ORIENTED_EDGE('',*,*,#965,.F.);
#729=ORIENTED_EDGE('',*,*,#966,.T.);
#730=ORIENTED_EDGE('',*,*,#967,.T.);
#731=ORIENTED_EDGE('',*,*,#897,.F.);
#732=ORIENTED_EDGE('',*,*,#967,.F.);
#733=ORIENTED_EDGE('',*,*,#968,.T.);
#734=ORIENTED_EDGE('',*,*,#969,.F.);
#735=ORIENTED_EDGE('',*,*,#898,.F.);
#736=ORIENTED_EDGE('',*,*,#969,.T.);
#737=ORIENTED_EDGE('',*,*,#970,.T.);
#738=ORIENTED_EDGE('',*,*,#971,.F.);
#739=ORIENTED_EDGE('',*,*,#899,.F.);
#740=ORIENTED_EDGE('',*,*,#971,.T.);
#741=ORIENTED_EDGE('',*,*,#972,.T.);
#742=ORIENTED_EDGE('',*,*,#973,.T.);
#743=ORIENTED_EDGE('',*,*,#900,.F.);
#744=ORIENTED_EDGE('',*,*,#973,.F.);
#745=ORIENTED_EDGE('',*,*,#974,.T.);
#746=ORIENTED_EDGE('',*,*,#975,.T.);
#747=ORIENTED_EDGE('',*,*,#901,.F.);
#748=ORIENTED_EDGE('',*,*,#975,.F.);
#749=ORIENTED_EDGE('',*,*,#976,.T.);
#750=ORIENTED_EDGE('',*,*,#977,.F.);
#751=ORIENTED_EDGE('',*,*,#902,.F.);
#752=ORIENTED_EDGE('',*,*,#977,.T.);
#753=ORIENTED_EDGE('',*,*,#978,.T.);
#754=ORIENTED_EDGE('',*,*,#979,.F.);
#755=ORIENTED_EDGE('',*,*,#903,.F.);
#756=ORIENTED_EDGE('',*,*,#979,.T.);
#757=ORIENTED_EDGE('',*,*,#980,.T.);
#758=ORIENTED_EDGE('',*,*,#981,.T.);
#759=ORIENTED_EDGE('',*,*,#904,.F.);
#760=ORIENTED_EDGE('',*,*,#981,.F.);
#761=ORIENTED_EDGE('',*,*,#982,.T.);
#762=ORIENTED_EDGE('',*,*,#983,.T.);
#763=ORIENTED_EDGE('',*,*,#905,.F.);
#764=ORIENTED_EDGE('',*,*,#983,.F.);
#765=ORIENTED_EDGE('',*,*,#984,.T.);
#766=ORIENTED_EDGE('',*,*,#985,.F.);
#767=ORIENTED_EDGE('',*,*,#906,.F.);
#768=ORIENTED_EDGE('',*,*,#985,.T.);
#769=ORIENTED_EDGE('',*,*,#986,.T.);
#770=ORIENTED_EDGE('',*,*,#987,.F.);
#771=ORIENTED_EDGE('',*,*,#886,.F.);
#772=ORIENTED_EDGE('',*,*,#987,.T.);
#773=ORIENTED_EDGE('',*,*,#988,.T.);
#774=ORIENTED_EDGE('',*,*,#989,.T.);
#775=ORIENTED_EDGE('',*,*,#887,.F.);
#776=ORIENTED_EDGE('',*,*,#989,.F.);
#777=ORIENTED_EDGE('',*,*,#990,.T.);
#778=ORIENTED_EDGE('',*,*,#991,.T.);
#779=ORIENTED_EDGE('',*,*,#888,.F.);
#780=ORIENTED_EDGE('',*,*,#991,.F.);
#781=ORIENTED_EDGE('',*,*,#992,.T.);
#782=ORIENTED_EDGE('',*,*,#993,.F.);
#783=ORIENTED_EDGE('',*,*,#889,.F.);
#784=ORIENTED_EDGE('',*,*,#993,.T.);
#785=ORIENTED_EDGE('',*,*,#994,.T.);
#786=ORIENTED_EDGE('',*,*,#995,.F.);
#787=ORIENTED_EDGE('',*,*,#890,.F.);
#788=ORIENTED_EDGE('',*,*,#995,.T.);
#789=ORIENTED_EDGE('',*,*,#996,.T.);
#790=ORIENTED_EDGE('',*,*,#997,.T.);
#791=ORIENTED_EDGE('',*,*,#891,.F.);
#792=ORIENTED_EDGE('',*,*,#997,.F.);
#793=ORIENTED_EDGE('',*,*,#998,.T.);
#794=ORIENTED_EDGE('',*,*,#958,.T.);
#795=ORIENTED_EDGE('',*,*,#929,.F.);
#796=ORIENTED_EDGE('',*,*,#928,.F.);
#797=ORIENTED_EDGE('',*,*,#925,.T.);
#798=ORIENTED_EDGE('',*,*,#923,.F.);
#799=ORIENTED_EDGE('',*,*,#921,.F.);
#800=ORIENTED_EDGE('',*,*,#920,.F.);
#801=ORIENTED_EDGE('',*,*,#917,.T.);
#802=ORIENTED_EDGE('',*,*,#916,.T.);
#803=ORIENTED_EDGE('',*,*,#955,.F.);
#804=ORIENTED_EDGE('',*,*,#953,.F.);
#805=ORIENTED_EDGE('',*,*,#952,.F.);
#806=ORIENTED_EDGE('',*,*,#949,.T.);
#807=ORIENTED_EDGE('',*,*,#947,.F.);
#808=ORIENTED_EDGE('',*,*,#945,.F.);
#809=ORIENTED_EDGE('',*,*,#944,.F.);
#810=ORIENTED_EDGE('',*,*,#941,.T.);
#811=ORIENTED_EDGE('',*,*,#939,.F.);
#812=ORIENTED_EDGE('',*,*,#937,.F.);
#813=ORIENTED_EDGE('',*,*,#936,.F.);
#814=ORIENTED_EDGE('',*,*,#933,.T.);
#815=ORIENTED_EDGE('',*,*,#931,.F.);
#816=ORIENTED_EDGE('',*,*,#999,.F.);
#817=ORIENTED_EDGE('',*,*,#986,.F.);
#818=ORIENTED_EDGE('',*,*,#984,.F.);
#819=ORIENTED_EDGE('',*,*,#982,.F.);
#820=ORIENTED_EDGE('',*,*,#980,.F.);
#821=ORIENTED_EDGE('',*,*,#978,.F.);
#822=ORIENTED_EDGE('',*,*,#976,.F.);
#823=ORIENTED_EDGE('',*,*,#974,.F.);
#824=ORIENTED_EDGE('',*,*,#972,.F.);
#825=ORIENTED_EDGE('',*,*,#970,.F.);
#826=ORIENTED_EDGE('',*,*,#968,.F.);
#827=ORIENTED_EDGE('',*,*,#966,.F.);
#828=ORIENTED_EDGE('',*,*,#964,.F.);
#829=ORIENTED_EDGE('',*,*,#962,.F.);
#830=ORIENTED_EDGE('',*,*,#960,.F.);
#831=ORIENTED_EDGE('',*,*,#959,.F.);
#832=ORIENTED_EDGE('',*,*,#998,.F.);
#833=ORIENTED_EDGE('',*,*,#996,.F.);
#834=ORIENTED_EDGE('',*,*,#994,.F.);
#835=ORIENTED_EDGE('',*,*,#992,.F.);
#836=ORIENTED_EDGE('',*,*,#990,.F.);
#837=ORIENTED_EDGE('',*,*,#988,.F.);
#838=ORIENTED_EDGE('',*,*,#1000,.T.);
#839=ORIENTED_EDGE('',*,*,#999,.T.);
#840=ORIENTED_EDGE('',*,*,#1001,.T.);
#841=ORIENTED_EDGE('',*,*,#1002,.T.);
#842=ORIENTED_EDGE('',*,*,#1000,.F.);
#843=ORIENTED_EDGE('',*,*,#1001,.F.);
#844=ORIENTED_EDGE('',*,*,#1003,.F.);
#845=ORIENTED_EDGE('',*,*,#1002,.F.);
#846=ORIENTED_EDGE('',*,*,#1004,.T.);
#847=ORIENTED_EDGE('',*,*,#1003,.T.);
#848=ORIENTED_EDGE('',*,*,#1004,.F.);
#849=EDGE_CURVE('',#1005,#1006,#1007,.F.);
#850=EDGE_CURVE('',#1006,#1008,#1009,.F.);
#851=EDGE_CURVE('',#1008,#1010,#1011,.T.);
#852=EDGE_CURVE('',#1012,#1010,#1013,.T.);
#853=EDGE_CURVE('',#1012,#1014,#1015,.F.);
#854=EDGE_CURVE('',#1014,#1016,#1017,.F.);
#855=EDGE_CURVE('',#1016,#1018,#1019,.T.);
#856=EDGE_CURVE('',#1020,#1018,#1021,.T.);
#857=EDGE_CURVE('',#1020,#1022,#1023,.F.);
#858=EDGE_CURVE('',#1022,#1024,#1025,.F.);
#859=EDGE_CURVE('',#1024,#1026,#1027,.T.);
#860=EDGE_CURVE('',#1028,#1026,#1029,.T.);
#861=EDGE_CURVE('',#1028,#1030,#1031,.F.);
#862=EDGE_CURVE('',#1030,#1032,#1033,.F.);
#863=EDGE_CURVE('',#1032,#1034,#1035,.F.);
#864=EDGE_CURVE('',#1034,#1036,#1037,.T.);
#865=EDGE_CURVE('',#1038,#1036,#1039,.T.);
#866=EDGE_CURVE('',#1038,#1040,#1041,.F.);
#867=EDGE_CURVE('',#1040,#1042,#1043,.F.);
#868=EDGE_CURVE('',#1042,#1044,#1045,.T.);
#869=EDGE_CURVE('',#1005,#1044,#1046,.T.);
#870=EDGE_CURVE('',#1047,#1048,#1049,.F.);
#871=EDGE_CURVE('',#1048,#1050,#1051,.T.);
#872=EDGE_CURVE('',#1050,#1052,#1053,.T.);
#873=EDGE_CURVE('',#1054,#1052,#1055,.F.);
#874=EDGE_CURVE('',#1056,#1054,#1057,.F.);
#875=EDGE_CURVE('',#1056,#1058,#1059,.F.);
#876=EDGE_CURVE('',#1058,#1060,#1061,.T.);
#877=EDGE_CURVE('',#1060,#1062,#1063,.T.);
#878=EDGE_CURVE('',#1047,#1062,#1064,.F.);
#879=EDGE_CURVE('',#1065,#1047,#1066,.F.);
#880=EDGE_CURVE('',#1062,#1067,#1068,.F.);
#881=EDGE_CURVE('',#1067,#1065,#1069,.T.);
#882=EDGE_CURVE('',#1052,#1070,#1071,.F.);
#883=EDGE_CURVE('',#1070,#1072,#1073,.T.);
#884=EDGE_CURVE('',#1072,#1074,#1075,.T.);
#885=EDGE_CURVE('',#1074,#1056,#1076,.F.);
#886=EDGE_CURVE('',#1077,#1078,#1079,.T.);
#887=EDGE_CURVE('',#1078,#1080,#1081,.F.);
#888=EDGE_CURVE('',#1080,#1082,#1083,.T.);
#889=EDGE_CURVE('',#1082,#1084,#1085,.T.);
#890=EDGE_CURVE('',#1084,#1086,#1087,.T.);
#891=EDGE_CURVE('',#1086,#1088,#1089,.F.);
#892=EDGE_CURVE('',#1088,#1090,#1091,.T.);
#893=EDGE_CURVE('',#1090,#1092,#1093,.T.);
#894=EDGE_CURVE('',#1092,#1094,#1095,.T.);
#895=EDGE_CURVE('',#1094,#1096,#1097,.T.);
#896=EDGE_CURVE('',#1096,#1098,#1099,.F.);
#897=EDGE_CURVE('',#1098,#1100,#1101,.T.);
#898=EDGE_CURVE('',#1100,#1102,#1103,.T.);
#899=EDGE_CURVE('',#1102,#1104,#1105,.T.);
#900=EDGE_CURVE('',#1104,#1106,#1107,.F.);
#901=EDGE_CURVE('',#1106,#1108,#1109,.T.);
#902=EDGE_CURVE('',#1108,#1110,#1111,.T.);
#903=EDGE_CURVE('',#1110,#1112,#1113,.T.);
#904=EDGE_CURVE('',#1112,#1114,#1115,.F.);
#905=EDGE_CURVE('',#1114,#1116,#1117,.T.);
#906=EDGE_CURVE('',#1116,#1077,#1118,.T.);
#907=EDGE_CURVE('',#1067,#1119,#1120,.F.);
#908=EDGE_CURVE('',#1119,#1121,#1122,.F.);
#909=EDGE_CURVE('',#1121,#1074,#1123,.T.);
#910=EDGE_CURVE('',#1070,#1124,#1125,.F.);
#911=EDGE_CURVE('',#1124,#1126,#1127,.F.);
#912=EDGE_CURVE('',#1126,#1065,#1128,.T.);
#913=EDGE_CURVE('',#1124,#1050,#1129,.T.);
#914=EDGE_CURVE('',#1048,#1126,#1130,.T.);
#915=EDGE_CURVE('',#1131,#1030,#1132,.T.);
#916=EDGE_CURVE('',#1133,#1131,#1134,.T.);
#917=EDGE_CURVE('',#1135,#1133,#1136,.T.);
#918=EDGE_CURVE('',#1034,#1135,#1137,.T.);
#919=EDGE_CURVE('',#1138,#1036,#1139,.T.);
#920=EDGE_CURVE('',#1135,#1138,#1140,.T.);
#921=EDGE_CURVE('',#1138,#1141,#1142,.T.);
#922=EDGE_CURVE('',#1038,#1141,#1143,.T.);
#923=EDGE_CURVE('',#1141,#1144,#1145,.F.);
#924=EDGE_CURVE('',#1144,#1040,#1146,.T.);
#925=EDGE_CURVE('',#1147,#1144,#1148,.T.);
#926=EDGE_CURVE('',#1042,#1147,#1149,.T.);
#927=EDGE_CURVE('',#1150,#1044,#1151,.T.);
#928=EDGE_CURVE('',#1147,#1150,#1152,.T.);
#929=EDGE_CURVE('',#1150,#1153,#1154,.T.);
#930=EDGE_CURVE('',#1005,#1153,#1155,.T.);
#931=EDGE_CURVE('',#1153,#1156,#1157,.F.);
#932=EDGE_CURVE('',#1156,#1006,#1158,.T.);
#933=EDGE_CURVE('',#1159,#1156,#1160,.T.);
#934=EDGE_CURVE('',#1008,#1159,#1161,.T.);
#935=EDGE_CURVE('',#1162,#1010,#1163,.T.);
#936=EDGE_CURVE('',#1159,#1162,#1164,.T.);
#937=EDGE_CURVE('',#1162,#1165,#1166,.T.);
#938=EDGE_CURVE('',#1012,#1165,#1167,.T.);
#939=EDGE_CURVE('',#1165,#1168,#1169,.F.);
#940=EDGE_CURVE('',#1168,#1014,#1170,.T.);
#941=EDGE_CURVE('',#1171,#1168,#1172,.T.);
#942=EDGE_CURVE('',#1016,#1171,#1173,.T.);
#943=EDGE_CURVE('',#1174,#1018,#1175,.T.);
#944=EDGE_CURVE('',#1171,#1174,#1176,.T.);
#945=EDGE_CURVE('',#1174,#1177,#1178,.T.);
#946=EDGE_CURVE('',#1020,#1177,#1179,.T.);
#947=EDGE_CURVE('',#1177,#1180,#1181,.F.);
#948=EDGE_CURVE('',#1180,#1022,#1182,.T.);
#949=EDGE_CURVE('',#1183,#1180,#1184,.T.);
#950=EDGE_CURVE('',#1024,#1183,#1185,.T.);
#951=EDGE_CURVE('',#1186,#1026,#1187,.T.);
#952=EDGE_CURVE('',#1183,#1186,#1188,.T.);
#953=EDGE_CURVE('',#1186,#1189,#1190,.T.);
#954=EDGE_CURVE('',#1028,#1189,#1191,.T.);
#955=EDGE_CURVE('',#1189,#1131,#1192,.F.);
#956=EDGE_CURVE('',#1058,#1121,#1193,.T.);
#957=EDGE_CURVE('',#1119,#1060,#1194,.T.);
#958=EDGE_CURVE('',#1195,#1088,#1196,.T.);
#959=EDGE_CURVE('',#1195,#1197,#1198,.T.);
#960=EDGE_CURVE('',#1197,#1199,#1200,.T.);
#961=EDGE_CURVE('',#1092,#1199,#1201,.T.);
#962=EDGE_CURVE('',#1199,#1202,#1203,.T.);
#963=EDGE_CURVE('',#1094,#1202,#1204,.T.);
#964=EDGE_CURVE('',#1202,#1205,#1206,.T.);
#965=EDGE_CURVE('',#1205,#1096,#1207,.T.);
#966=EDGE_CURVE('',#1205,#1208,#1209,.F.);
#967=EDGE_CURVE('',#1208,#1098,#1210,.T.);
#968=EDGE_CURVE('',#1208,#1211,#1212,.T.);
#969=EDGE_CURVE('',#1100,#1211,#1213,.T.);
#970=EDGE_CURVE('',#1211,#1214,#1215,.T.);
#971=EDGE_CURVE('',#1102,#1214,#1216,.T.);
#972=EDGE_CURVE('',#1214,#1217,#1218,.T.);
#973=EDGE_CURVE('',#1217,#1104,#1219,.T.);
#974=EDGE_CURVE('',#1217,#1220,#1221,.F.);
#975=EDGE_CURVE('',#1220,#1106,#1222,.T.);
#976=EDGE_CURVE('',#1220,#1223,#1224,.T.);
#977=EDGE_CURVE('',#1108,#1223,#1225,.T.);
#978=EDGE_CURVE('',#1223,#1226,#1227,.T.);
#979=EDGE_CURVE('',#1110,#1226,#1228,.T.);
#980=EDGE_CURVE('',#1226,#1229,#1230,.T.);
#981=EDGE_CURVE('',#1229,#1112,#1231,.T.);
#982=EDGE_CURVE('',#1229,#1232,#1233,.F.);
#983=EDGE_CURVE('',#1232,#1114,#1234,.T.);
#984=EDGE_CURVE('',#1232,#1235,#1236,.T.);
#985=EDGE_CURVE('',#1116,#1235,#1237,.T.);
#986=EDGE_CURVE('',#1235,#1238,#1239,.T.);
#987=EDGE_CURVE('',#1077,#1238,#1240,.T.);
#988=EDGE_CURVE('',#1238,#1241,#1242,.T.);
#989=EDGE_CURVE('',#1241,#1078,#1243,.T.);
#990=EDGE_CURVE('',#1241,#1244,#1245,.F.);
#991=EDGE_CURVE('',#1244,#1080,#1246,.T.);
#992=EDGE_CURVE('',#1244,#1247,#1248,.T.);
#993=EDGE_CURVE('',#1082,#1247,#1249,.T.);
#994=EDGE_CURVE('',#1247,#1250,#1251,.T.);
#995=EDGE_CURVE('',#1084,#1250,#1252,.T.);
#996=EDGE_CURVE('',#1250,#1253,#1254,.T.);
#997=EDGE_CURVE('',#1253,#1086,#1255,.T.);
#998=EDGE_CURVE('',#1253,#1195,#1256,.F.);
#999=EDGE_CURVE('',#1257,#1257,#1258,.T.);
#1000=EDGE_CURVE('',#1259,#1259,#1260,.T.);
#1001=EDGE_CURVE('',#1261,#1261,#1262,.F.);
#1002=EDGE_CURVE('',#1263,#1263,#1264,.T.);
#1003=EDGE_CURVE('',#1265,#1265,#1266,.T.);
#1004=EDGE_CURVE('',#1267,#1267,#1268,.T.);
#1005=VERTEX_POINT('',#1269);
#1006=VERTEX_POINT('',#1270);
#1007=LINE('',#1271,#1272);
#1008=VERTEX_POINT('',#1274);
#1009=CIRCLE('',#1275,11.);
#1010=VERTEX_POINT('',#1279);
#1011=LINE('',#1280,#1281);
#1012=VERTEX_POINT('',#1283);
#1013=CIRCLE('',#1284,11.);
#1014=VERTEX_POINT('',#1288);
#1015=LINE('',#1289,#1290);
#1016=VERTEX_POINT('',#1292);
#1017=CIRCLE('',#1293,11.);
#1018=VERTEX_POINT('',#1297);
#1019=LINE('',#1298,#1299);
#1020=VERTEX_POINT('',#1301);
#1021=CIRCLE('',#1302,11.);
#1022=VERTEX_POINT('',#1306);
#1023=LINE('',#1307,#1308);
#1024=VERTEX_POINT('',#1310);
#1025=CIRCLE('',#1311,11.);
#1026=VERTEX_POINT('',#1315);
#1027=LINE('',#1316,#1317);
#1028=VERTEX_POINT('',#1319);
#1029=CIRCLE('',#1320,11.);
#1030=VERTEX_POINT('',#1324);
#1031=LINE('',#1325,#1326);
#1032=VERTEX_POINT('',#1328);
#1033=CIRCLE('',#1329,11.);
#1034=VERTEX_POINT('',#1333);
#1035=CIRCLE('',#1334,11.);
#1036=VERTEX_POINT('',#1338);
#1037=LINE('',#1339,#1340);
#1038=VERTEX_POINT('',#1342);
#1039=CIRCLE('',#1343,11.);
#1040=VERTEX_POINT('',#1347);
#1041=LINE('',#1348,#1349);
#1042=VERTEX_POINT('',#1351);
#1043=CIRCLE('',#1352,11.);
#1044=VERTEX_POINT('',#1356);
#1045=LINE('',#1357,#1358);
#1046=CIRCLE('',#1360,11.);
#1047=VERTEX_POINT('',#1364);
#1048=VERTEX_POINT('',#1365);
#1049=LINE('',#1366,#1367);
#1050=VERTEX_POINT('',#1369);
#1051=CIRCLE('',#1370,11.);
#1052=VERTEX_POINT('',#1374);
#1053=LINE('',#1375,#1376);
#1054=VERTEX_POINT('',#1378);
#1055=CIRCLE('',#1379,11.);
#1056=VERTEX_POINT('',#1383);
#1057=CIRCLE('',#1384,11.);
#1058=VERTEX_POINT('',#1388);
#1059=LINE('',#1389,#1390);
#1060=VERTEX_POINT('',#1392);
#1061=CIRCLE('',#1393,11.);
#1062=VERTEX_POINT('',#1397);
#1063=LINE('',#1398,#1399);
#1064=CIRCLE('',#1401,11.);
#1065=VERTEX_POINT('',#1405);
#1066=LINE('',#1406,#1407);
#1067=VERTEX_POINT('',#1409);
#1068=LINE('',#1410,#1411);
#1069=CIRCLE('',#1413,12.490670763153);
#1070=VERTEX_POINT('',#1417);
#1071=LINE('',#1418,#1419);
#1072=VERTEX_POINT('',#1421);
#1073=CIRCLE('',#1422,12.490670763153);
#1074=VERTEX_POINT('',#1426);
#1075=CIRCLE('',#1427,12.490670763153);
#1076=LINE('',#1431,#1432);
#1077=VERTEX_POINT('',#1434);
#1078=VERTEX_POINT('',#1435);
#1079=CIRCLE('',#1436,12.490670763153);
#1080=VERTEX_POINT('',#1440);
#1081=LINE('',#1441,#1442);
#1082=VERTEX_POINT('',#1444);
#1083=CIRCLE('',#1445,12.490670763153);
#1084=VERTEX_POINT('',#1449);
#1085=LINE('',#1450,#1451);
#1086=VERTEX_POINT('',#1453);
#1087=CIRCLE('',#1454,12.490670763153);
#1088=VERTEX_POINT('',#1458);
#1089=LINE('',#1459,#1460);
#1090=VERTEX_POINT('',#1462);
#1091=CIRCLE('',#1463,12.490670763153);
#1092=VERTEX_POINT('',#1467);
#1093=CIRCLE('',#1468,12.490670763153);
#1094=VERTEX_POINT('',#1472);
#1095=LINE('',#1473,#1474);
#1096=VERTEX_POINT('',#1476);
#1097=CIRCLE('',#1477,12.490670763153);
#1098=VERTEX_POINT('',#1481);
#1099=LINE('',#1482,#1483);
#1100=VERTEX_POINT('',#1485);
#1101=CIRCLE('',#1486,12.490670763153);
#1102=VERTEX_POINT('',#1490);
#1103=LINE('',#1491,#1492);
#1104=VERTEX_POINT('',#1494);
#1105=CIRCLE('',#1495,12.490670763153);
#1106=VERTEX_POINT('',#1499);
#1107=LINE('',#1500,#1501);
#1108=VERTEX_POINT('',#1503);
#1109=CIRCLE('',#1504,12.490670763153);
#1110=VERTEX_POINT('',#1508);
#1111=LINE('',#1509,#1510);
#1112=VERTEX_POINT('',#1512);
#1113=CIRCLE('',#1513,12.490670763153);
#1114=VERTEX_POINT('',#1517);
#1115=LINE('',#1518,#1519);
#1116=VERTEX_POINT('',#1521);
#1117=CIRCLE('',#1522,12.490670763153);
#1118=LINE('',#1526,#1527);
#1119=VERTEX_POINT('',#1529);
#1120=LINE('',#1530,#1531);
#1121=VERTEX_POINT('',#1533);
#1122=CIRCLE('',#1534,12.490670763153);
#1123=LINE('',#1538,#1539);
#1124=VERTEX_POINT('',#1541);
#1125=LINE('',#1542,#1543);
#1126=VERTEX_POINT('',#1545);
#1127=CIRCLE('',#1546,12.490670763153);
#1128=LINE('',#1550,#1551);
#1129=LINE('',#1553,#1554);
#1130=LINE('',#1556,#1557);
#1131=VERTEX_POINT('',#1559);
#1132=LINE('',#1560,#1561);
#1133=VERTEX_POINT('',#1563);
#1134=CIRCLE('',#1564,3.5);
#1135=VERTEX_POINT('',#1568);
#1136=CIRCLE('',#1569,3.5);
#1137=LINE('',#1573,#1574);
#1138=VERTEX_POINT('',#1576);
#1139=LINE('',#1577,#1578);
#1140=LINE('',#1580,#1581);
#1141=VERTEX_POINT('',#1583);
#1142=CIRCLE('',#1584,3.5);
#1143=LINE('',#1588,#1589);
#1144=VERTEX_POINT('',#1591);
#1145=LINE('',#1592,#1593);
#1146=LINE('',#1595,#1596);
#1147=VERTEX_POINT('',#1598);
#1148=CIRCLE('',#1599,3.5);
#1149=LINE('',#1603,#1604);
#1150=VERTEX_POINT('',#1606);
#1151=LINE('',#1607,#1608);
#1152=LINE('',#1610,#1611);
#1153=VERTEX_POINT('',#1613);
#1154=CIRCLE('',#1614,3.5);
#1155=LINE('',#1618,#1619);
#1156=VERTEX_POINT('',#1621);
#1157=LINE('',#1622,#1623);
#1158=LINE('',#1625,#1626);
#1159=VERTEX_POINT('',#1628);
#1160=CIRCLE('',#1629,3.5);
#1161=LINE('',#1633,#1634);
#1162=VERTEX_POINT('',#1636);
#1163=LINE('',#1637,#1638);
#1164=LINE('',#1640,#1641);
#1165=VERTEX_POINT('',#1643);
#1166=CIRCLE('',#1644,3.5);
#1167=LINE('',#1648,#1649);
#1168=VERTEX_POINT('',#1651);
#1169=LINE('',#1652,#1653);
#1170=LINE('',#1655,#1656);
#1171=VERTEX_POINT('',#1658);
#1172=CIRCLE('',#1659,3.5);
#1173=LINE('',#1663,#1664);
#1174=VERTEX_POINT('',#1666);
#1175=LINE('',#1667,#1668);
#1176=LINE('',#1670,#1671);
#1177=VERTEX_POINT('',#1673);
#1178=CIRCLE('',#1674,3.5);
#1179=LINE('',#1678,#1679);
#1180=VERTEX_POINT('',#1681);
#1181=LINE('',#1682,#1683);
#1182=LINE('',#1685,#1686);
#1183=VERTEX_POINT('',#1688);
#1184=CIRCLE('',#1689,3.5);
#1185=LINE('',#1693,#1694);
#1186=VERTEX_POINT('',#1696);
#1187=LINE('',#1697,#1698);
#1188=LINE('',#1700,#1701);
#1189=VERTEX_POINT('',#1703);
#1190=CIRCLE('',#1704,3.5);
#1191=LINE('',#1708,#1709);
#1192=LINE('',#1711,#1712);
#1193=LINE('',#1714,#1715);
#1194=LINE('',#1717,#1718);
#1195=VERTEX_POINT('',#1720);
#1196=LINE('',#1721,#1722);
#1197=VERTEX_POINT('',#1724);
#1198=CIRCLE('',#1725,21.6);
#1199=VERTEX_POINT('',#1729);
#1200=CIRCLE('',#1730,21.6);
#1201=LINE('',#1734,#1735);
#1202=VERTEX_POINT('',#1737);
#1203=LINE('',#1738,#1739);
#1204=LINE('',#1741,#1742);
#1205=VERTEX_POINT('',#1744);
#1206=CIRCLE('',#1745,21.6);
#1207=LINE('',#1749,#1750);
#1208=VERTEX_POINT('',#1752);
#1209=LINE('',#1753,#1754);
#1210=LINE('',#1756,#1757);
#1211=VERTEX_POINT('',#1759);
#1212=CIRCLE('',#1760,21.6);
#1213=LINE('',#1764,#1765);
#1214=VERTEX_POINT('',#1767);
#1215=LINE('',#1768,#1769);
#1216=LINE('',#1771,#1772);
#1217=VERTEX_POINT('',#1774);
#1218=CIRCLE('',#1775,21.6);
#1219=LINE('',#1779,#1780);
#1220=VERTEX_POINT('',#1782);
#1221=LINE('',#1783,#1784);
#1222=LINE('',#1786,#1787);
#1223=VERTEX_POINT('',#1789);
#1224=CIRCLE('',#1790,21.6);
#1225=LINE('',#1794,#1795);
#1226=VERTEX_POINT('',#1797);
#1227=LINE('',#1798,#1799);
#1228=LINE('',#1801,#1802);
#1229=VERTEX_POINT('',#1804);
#1230=CIRCLE('',#1805,21.6);
#1231=LINE('',#1809,#1810);
#1232=VERTEX_POINT('',#1812);
#1233=LINE('',#1813,#1814);
#1234=LINE('',#1816,#1817);
#1235=VERTEX_POINT('',#1819);
#1236=CIRCLE('',#1820,21.6);
#1237=LINE('',#1824,#1825);
#1238=VERTEX_POINT('',#1827);
#1239=LINE('',#1828,#1829);
#1240=LINE('',#1831,#1832);
#1241=VERTEX_POINT('',#1834);
#1242=CIRCLE('',#1835,21.6);
#1243=LINE('',#1839,#1840);
#1244=VERTEX_POINT('',#1842);
#1245=LINE('',#1843,#1844);
#1246=LINE('',#1846,#1847);
#1247=VERTEX_POINT('',#1849);
#1248=CIRCLE('',#1850,21.6);
#1249=LINE('',#1854,#1855);
#1250=VERTEX_POINT('',#1857);
#1251=LINE('',#1858,#1859);
#1252=LINE('',#1861,#1862);
#1253=VERTEX_POINT('',#1864);
#1254=CIRCLE('',#1865,21.6);
#1255=LINE('',#1869,#1870);
#1256=LINE('',#1872,#1873);
#1257=VERTEX_POINT('',#1875);
#1258=CIRCLE('',#1876,3.5);
#1259=VERTEX_POINT('',#1880);
#1260=CIRCLE('',#1881,21.6);
#1261=VERTEX_POINT('',#1885);
#1262=CIRCLE('',#1886,2.45);
#1263=VERTEX_POINT('',#1890);
#1264=CIRCLE('',#1891,23.5);
#1265=VERTEX_POINT('',#1895);
#1266=CIRCLE('',#1896,2.45);
#1267=VERTEX_POINT('',#1900);
#1268=CIRCLE('',#1901,23.5);
#1269=CARTESIAN_POINT('',(10.9766331397498,0.716606527564167,10.4));
#1270=CARTESIAN_POINT('',(10.9766331397498,0.716606527564168,1.9));
#1271=CARTESIAN_POINT('',(10.9766331397498,0.716606527564165,1.9));
#1272=VECTOR('',#1273,1.);
#1273=DIRECTION('',(0.,0.,1.));
#1274=CARTESIAN_POINT('',(5.41408626789441,-9.57536787198263,1.9));
#1275=AXIS2_PLACEMENT_3D('',#1276,#1277,#1278);
#1276=CARTESIAN_POINT('',(0.,0.,1.9));
#1277=DIRECTION('',(0.,0.,1.));
#1278=DIRECTION('',(0.492189660717673,-0.870487988362058,0.));
#1279=CARTESIAN_POINT('',(5.41408626789441,-9.57536787198263,10.4));
#1280=CARTESIAN_POINT('',(5.41408626789441,-9.57536787198263,1.9));
#1281=VECTOR('',#1282,1.);
#1282=DIRECTION('',(0.,0.,1.));
#1283=CARTESIAN_POINT('',(4.07349948886145,-10.217954879243,10.4));
#1284=AXIS2_PLACEMENT_3D('',#1285,#1286,#1287);
#1285=CARTESIAN_POINT('',(8.88178419700125E-16,0.,10.4));
#1286=DIRECTION('',(0.,0.,1.));
#1287=DIRECTION('',(0.370318135351041,-0.928904989022089,0.));
#1288=CARTESIAN_POINT('',(4.07349948886145,-10.217954879243,1.9));
#1289=CARTESIAN_POINT('',(4.07349948886145,-10.217954879243,1.9));
#1290=VECTOR('',#1291,1.);
#1291=DIRECTION('',(0.,0.,1.));
#1292=CARTESIAN_POINT('',(-7.43367134478093,-8.10805342469959,1.9));
#1293=AXIS2_PLACEMENT_3D('',#1294,#1295,#1296);
#1294=CARTESIAN_POINT('',(0.,0.,1.9));
#1295=DIRECTION('',(0.,0.,1.));
#1296=DIRECTION('',(-0.675788304070994,-0.737095765881782,0.));
#1297=CARTESIAN_POINT('',(-7.43367134478093,-8.10805342469959,10.4));
#1298=CARTESIAN_POINT('',(-7.43367134478092,-8.1080534246996,1.9));
#1299=VECTOR('',#1300,1.);
#1300=DIRECTION('',(0.,2.089831575765E-16,1.));
#1301=CARTESIAN_POINT('',(-8.45907200247805,-7.03164993844916,10.4));
#1302=AXIS2_PLACEMENT_3D('',#1303,#1304,#1305);
#1303=CARTESIAN_POINT('',(0.,-8.88178419700125E-16,10.4));
#1304=DIRECTION('',(0.,0.,1.));
#1305=DIRECTION('',(-0.769006545679822,-0.639240903495378,0.));
#1306=CARTESIAN_POINT('',(-8.45907200247805,-7.03164993844916,1.9));
#1307=CARTESIAN_POINT('',(-8.45907200247805,-7.03164993844916,1.9));
#1308=VECTOR('',#1309,1.);
#1309=DIRECTION('',(0.,0.,1.));
#1310=CARTESIAN_POINT('',(-10.0083478201652,4.5643152729183,1.9));
#1311=AXIS2_PLACEMENT_3D('',#1312,#1313,#1314);
#1312=CARTESIAN_POINT('',(0.,0.,1.9));
#1313=DIRECTION('',(0.,0.,1.));
#1314=DIRECTION('',(-0.909849801833197,0.414937752083482,0.));
#1315=CARTESIAN_POINT('',(-10.0083478201652,4.5643152729183,10.4));
#1316=CARTESIAN_POINT('',(-10.0083478201652,4.5643152729183,1.9));
#1317=VECTOR('',#1318,1.);
#1318=DIRECTION('',(2.089831575765E-16,0.,1.));
#1319=CARTESIAN_POINT('',(-9.30149349967552,5.8721562202903,10.4));
#1320=AXIS2_PLACEMENT_3D('',#1321,#1322,#1323);
#1321=CARTESIAN_POINT('',(0.,1.77635683940025E-15,10.4));
#1322=DIRECTION('',(0.,0.,1.));
#1323=DIRECTION('',(-0.84559031815232,0.533832383662754,0.));
#1324=CARTESIAN_POINT('',(-9.30149349967552,5.8721562202903,1.9));
#1325=CARTESIAN_POINT('',(-9.30149349967552,5.8721562202903,1.9));
#1326=VECTOR('',#1327,1.);
#1327=DIRECTION('',(0.,0.,1.));
#1328=CARTESIAN_POINT('',(2.02066721859313E-15,11.,1.9));
#1329=AXIS2_PLACEMENT_3D('',#1330,#1331,#1332);
#1330=CARTESIAN_POINT('',(0.,0.,1.9));
#1331=DIRECTION('',(0.,0.,1.));
#1332=DIRECTION('',(6.12323399573677E-17,1.,0.));
#1333=CARTESIAN_POINT('',(1.24817222068795,10.9289553987334,1.9));
#1334=AXIS2_PLACEMENT_3D('',#1335,#1336,#1337);
#1335=CARTESIAN_POINT('',(0.,0.,1.9));
#1336=DIRECTION('',(0.,0.,1.));
#1337=DIRECTION('',(0.113470201880722,0.99354139988485,0.));
#1338=CARTESIAN_POINT('',(1.24817222068795,10.9289553987334,10.4));
#1339=CARTESIAN_POINT('',(1.24817222068795,10.9289553987334,1.9));
#1340=VECTOR('',#1341,1.);
#1341=DIRECTION('',(0.,-2.089831575765E-16,1.));
#1342=CARTESIAN_POINT('',(2.71043287354237,10.6608420698377,10.4));
#1343=AXIS2_PLACEMENT_3D('',#1344,#1345,#1346);
#1344=CARTESIAN_POINT('',(4.44089209850063E-16,0.,10.4));
#1345=DIRECTION('',(0.,0.,1.));
#1346=DIRECTION('',(0.246402988503851,0.969167460894334,0.));
#1347=CARTESIAN_POINT('',(2.71043287354237,10.6608420698377,1.9));
#1348=CARTESIAN_POINT('',(2.71043287354237,10.6608420698377,1.9));
#1349=VECTOR('',#1350,1.);
#1350=DIRECTION('',(-5.2245789394125E-17,-2.089831575765E-16,1.));
#1351=CARTESIAN_POINT('',(10.7797606763637,2.19015062503057,1.9));
#1352=AXIS2_PLACEMENT_3D('',#1353,#1354,#1355);
#1353=CARTESIAN_POINT('',(0.,0.,1.9));
#1354=DIRECTION('',(0.,0.,1.));
#1355=DIRECTION('',(0.979978243305795,0.199104602275507,0.));
#1356=CARTESIAN_POINT('',(10.7797606763637,2.19015062503057,10.4));
#1357=CARTESIAN_POINT('',(10.7797606763637,2.19015062503057,1.9));
#1358=VECTOR('',#1359,1.);
#1359=DIRECTION('',(2.089831575765E-16,0.,1.));
#1360=AXIS2_PLACEMENT_3D('',#1361,#1362,#1363);
#1361=CARTESIAN_POINT('',(1.77635683940025E-15,-1.11022302462516E-16,10.4));
#1362=DIRECTION('',(0.,0.,1.));
#1363=DIRECTION('',(0.99787573997725,0.0651460479603789,0.));
#1364=CARTESIAN_POINT('',(8.44414070568544,7.0495735858693,15.));
#1365=CARTESIAN_POINT('',(8.44414070568544,7.0495735858693,13.3));
#1366=CARTESIAN_POINT('',(8.44414070568544,7.0495735858693,13.3));
#1367=VECTOR('',#1368,1.);
#1368=DIRECTION('',(0.,0.,1.));
#1369=CARTESIAN_POINT('',(7.42941367212194,8.11195491164045,13.3));
#1370=AXIS2_PLACEMENT_3D('',#1371,#1372,#1373);
#1371=CARTESIAN_POINT('',(0.,0.,13.3));
#1372=DIRECTION('',(0.,0.,1.));
#1373=DIRECTION('',(0.767649155062313,0.640870325988118,0.));
#1374=CARTESIAN_POINT('',(7.42941367212194,8.11195491164045,15.));
#1375=CARTESIAN_POINT('',(7.42941367212194,8.11195491164045,13.3));
#1376=VECTOR('',#1377,1.);
#1377=DIRECTION('',(0.,0.,1.));
#1378=CARTESIAN_POINT('',(2.02066721859313E-15,11.,15.));
#1379=AXIS2_PLACEMENT_3D('',#1380,#1381,#1382);
#1380=CARTESIAN_POINT('',(0.,0.,15.));
#1381=DIRECTION('',(0.,0.,1.));
#1382=DIRECTION('',(0.675401242920177,0.737450446512768,0.));
#1383=CARTESIAN_POINT('',(-8.44414070568545,-7.0495735858693,15.));
#1384=AXIS2_PLACEMENT_3D('',#1385,#1386,#1387);
#1385=CARTESIAN_POINT('',(0.,0.,15.));
#1386=DIRECTION('',(0.,0.,1.));
#1387=DIRECTION('',(6.12323399573677E-17,1.,0.));
#1388=CARTESIAN_POINT('',(-8.44414070568544,-7.0495735858693,13.3));
#1389=CARTESIAN_POINT('',(-8.44414070568544,-7.0495735858693,13.3));
#1390=VECTOR('',#1391,1.);
#1391=DIRECTION('',(0.,0.,1.));
#1392=CARTESIAN_POINT('',(-7.42941367212194,-8.11195491164045,13.3));
#1393=AXIS2_PLACEMENT_3D('',#1394,#1395,#1396);
#1394=CARTESIAN_POINT('',(0.,0.,13.3));
#1395=DIRECTION('',(0.,0.,1.));
#1396=DIRECTION('',(-0.767649155062313,-0.640870325988119,0.));
#1397=CARTESIAN_POINT('',(-7.42941367212194,-8.11195491164045,15.));
#1398=CARTESIAN_POINT('',(-7.42941367212194,-8.11195491164045,13.3));
#1399=VECTOR('',#1400,1.);
#1400=DIRECTION('',(0.,0.,1.));
#1401=AXIS2_PLACEMENT_3D('',#1402,#1403,#1404);
#1402=CARTESIAN_POINT('',(0.,0.,15.));
#1403=DIRECTION('',(0.,0.,1.));
#1404=DIRECTION('',(-0.675401242920176,-0.737450446512768,0.));
#1405=CARTESIAN_POINT('',(9.45859474098958,8.15793121074268,15.));
#1406=CARTESIAN_POINT('',(8.44414070568544,7.0495735858693,15.));
#1407=VECTOR('',#1408,1.);
#1408=DIRECTION('',(0.675167321068077,0.737664617940807,0.));
#1409=CARTESIAN_POINT('',(-8.43586590245238,-9.21157003932155,15.));
#1410=CARTESIAN_POINT('',(-8.43586590245238,-9.21157003932155,15.));
#1411=VECTOR('',#1412,1.);
#1412=DIRECTION('',(0.675167321068077,0.737664617940807,0.));
#1413=AXIS2_PLACEMENT_3D('',#1414,#1415,#1416);
#1414=CARTESIAN_POINT('',(0.,0.,15.));
#1415=DIRECTION('',(0.,0.,1.));
#1416=DIRECTION('',(-0.675373329616362,-0.737476010215186,0.));
#1417=CARTESIAN_POINT('',(8.43586590245238,9.21157003932155,15.));
#1418=CARTESIAN_POINT('',(8.43586590245238,9.21157003932155,15.));
#1419=VECTOR('',#1420,1.);
#1420=DIRECTION('',(-0.675167321068076,-0.737664617940807,0.));
#1421=CARTESIAN_POINT('',(2.29449899539481E-15,12.490670763153,15.));
#1422=AXIS2_PLACEMENT_3D('',#1423,#1424,#1425);
#1423=CARTESIAN_POINT('',(0.,0.,15.));
#1424=DIRECTION('',(0.,0.,1.));
#1425=DIRECTION('',(0.675373329616362,0.737476010215186,0.));
#1426=CARTESIAN_POINT('',(-9.45859474098958,-8.15793121074268,15.));
#1427=AXIS2_PLACEMENT_3D('',#1428,#1429,#1430);
#1428=CARTESIAN_POINT('',(0.,0.,15.));
#1429=DIRECTION('',(0.,0.,1.));
#1430=DIRECTION('',(6.12323399573677E-17,1.,0.));
#1431=CARTESIAN_POINT('',(-8.44414070568544,-7.0495735858693,15.));
#1432=VECTOR('',#1433,1.);
#1433=DIRECTION('',(-0.675167321068077,-0.737664617940806,0.));
#1434=CARTESIAN_POINT('',(12.4529656084331,0.969795683981051,11.9));
#1435=CARTESIAN_POINT('',(12.2423809264595,2.47809712580949,11.9));
#1436=AXIS2_PLACEMENT_3D('',#1437,#1438,#1439);
#1437=CARTESIAN_POINT('',(0.,0.,11.9));
#1438=DIRECTION('',(0.,0.,1.));
#1439=DIRECTION('',(0.996981334674904,0.077641601669777,0.));
#1440=CARTESIAN_POINT('',(12.2423809264595,2.47809712580948,1.9));
#1441=CARTESIAN_POINT('',(12.2423809264595,2.47809712580948,1.9));
#1442=VECTOR('',#1443,1.);
#1443=DIRECTION('',(0.,0.,1.));
#1444=CARTESIAN_POINT('',(2.92584749864748,12.1431574365213,1.9));
#1445=AXIS2_PLACEMENT_3D('',#1446,#1447,#1448);
#1446=CARTESIAN_POINT('',(0.,0.,1.9));
#1447=DIRECTION('',(0.,0.,1.));
#1448=DIRECTION('',(0.980121977321993,0.198395840607678,0.));
#1449=CARTESIAN_POINT('',(2.92584749864748,12.1431574365213,11.9));
#1450=CARTESIAN_POINT('',(2.92584749864748,12.1431574365213,1.9));
#1451=VECTOR('',#1452,1.);
#1452=DIRECTION('',(0.,0.,1.));
#1453=CARTESIAN_POINT('',(1.4262933383743,12.4089702806637,11.9));
#1454=AXIS2_PLACEMENT_3D('',#1455,#1456,#1457);
#1455=CARTESIAN_POINT('',(0.,0.,11.9));
#1456=DIRECTION('',(0.,0.,1.));
#1457=DIRECTION('',(0.234242624285528,0.972178169353658,0.));
#1458=CARTESIAN_POINT('',(1.42629333837431,12.4089702806637,1.9));
#1459=CARTESIAN_POINT('',(1.42629333837431,12.4089702806637,1.9));
#1460=VECTOR('',#1461,1.);
#1461=DIRECTION('',(0.,0.,1.));
#1462=CARTESIAN_POINT('',(2.29449899539481E-15,12.490670763153,1.9));
#1463=AXIS2_PLACEMENT_3D('',#1464,#1465,#1466);
#1464=CARTESIAN_POINT('',(0.,0.,1.9));
#1465=DIRECTION('',(0.,0.,1.));
#1466=DIRECTION('',(0.114188690537086,0.993459079657248,0.));
#1467=CARTESIAN_POINT('',(-10.6446924083701,6.53508834253018,1.9));
#1468=AXIS2_PLACEMENT_3D('',#1469,#1470,#1471);
#1469=CARTESIAN_POINT('',(0.,0.,1.9));
#1470=DIRECTION('',(0.,0.,1.));
#1471=DIRECTION('',(6.12323399573677E-17,1.,0.));
#1472=CARTESIAN_POINT('',(-10.6446924083701,6.53508834253018,11.9));
#1473=CARTESIAN_POINT('',(-10.6446924083701,6.53508834253018,1.9));
#1474=VECTOR('',#1475,1.);
#1475=DIRECTION('',(0.,0.,1.));
#1476=CARTESIAN_POINT('',(-11.3608831654166,5.19106827302799,11.9));
#1477=AXIS2_PLACEMENT_3D('',#1478,#1479,#1480);
#1478=CARTESIAN_POINT('',(0.,0.,11.9));
#1479=DIRECTION('',(0.,0.,1.));
#1480=DIRECTION('',(-0.852211431252475,0.523197550111435,0.));
#1481=CARTESIAN_POINT('',(-11.3608831654167,5.19106827302799,1.9));
#1482=CARTESIAN_POINT('',(-11.3608831654166,5.19106827302798,1.9));
#1483=VECTOR('',#1484,1.);
#1484=DIRECTION('',(0.,0.,1.));
#1485=CARTESIAN_POINT('',(-9.50462920680816,-8.10425072135447,1.9));
#1486=AXIS2_PLACEMENT_3D('',#1487,#1488,#1489);
#1487=CARTESIAN_POINT('',(0.,0.,1.9));
#1488=DIRECTION('',(0.,0.,1.));
#1489=DIRECTION('',(-0.90954948543923,0.41559563705269,0.));
#1490=CARTESIAN_POINT('',(-9.50462920680816,-8.10425072135447,11.9));
#1491=CARTESIAN_POINT('',(-9.50462920680816,-8.10425072135447,1.9));
#1492=VECTOR('',#1493,1.);
#1493=DIRECTION('',(0.,0.,1.));
#1494=CARTESIAN_POINT('',(-8.44770527681829,-9.20071365001116,11.9));
#1495=AXIS2_PLACEMENT_3D('',#1496,#1497,#1498);
#1496=CARTESIAN_POINT('',(0.,0.,11.9));
#1497=DIRECTION('',(0.,0.,1.));
#1498=DIRECTION('',(-0.760938254400752,-0.648824300554114,0.));
#1499=CARTESIAN_POINT('',(-8.44770527681829,-9.20071365001116,1.9));
#1500=CARTESIAN_POINT('',(-8.44770527681828,-9.20071365001116,1.9));
#1501=VECTOR('',#1502,1.);
#1502=DIRECTION('',(0.,0.,1.));
#1503=CARTESIAN_POINT('',(4.77050850809767,-11.5437907416781,1.9));
#1504=AXIS2_PLACEMENT_3D('',#1505,#1506,#1507);
#1505=CARTESIAN_POINT('',(0.,0.,1.9));
#1506=DIRECTION('',(0.,0.,1.));
#1507=DIRECTION('',(-0.676321186988508,-0.73660685038252,0.));
#1508=CARTESIAN_POINT('',(4.77050850809767,-11.5437907416781,11.9));
#1509=CARTESIAN_POINT('',(4.77050850809767,-11.5437907416781,1.9));
#1510=VECTOR('',#1511,1.);
#1511=DIRECTION('',(0.,0.,1.));
#1512=CARTESIAN_POINT('',(6.13991417740111,-10.87742202949,11.9));
#1513=AXIS2_PLACEMENT_3D('',#1514,#1515,#1516);
#1514=CARTESIAN_POINT('',(0.,0.,11.9));
#1515=DIRECTION('',(0.,0.,1.));
#1516=DIRECTION('',(0.381925726692795,-0.924193020580755,0.));
#1517=CARTESIAN_POINT('',(6.13991417740111,-10.87742202949,1.9));
#1518=CARTESIAN_POINT('',(6.13991417740112,-10.87742202949,1.9));
#1519=VECTOR('',#1520,1.);
#1520=DIRECTION('',(0.,0.,1.));
#1521=CARTESIAN_POINT('',(12.4529656084331,0.969795683981051,1.9));
#1522=AXIS2_PLACEMENT_3D('',#1523,#1524,#1525);
#1523=CARTESIAN_POINT('',(0.,0.,1.9));
#1524=DIRECTION('',(0.,0.,1.));
#1525=DIRECTION('',(0.491560004568659,-0.870843706935096,0.));
#1526=CARTESIAN_POINT('',(12.4529656084331,0.969795683981052,1.9));
#1527=VECTOR('',#1528,1.);
#1528=DIRECTION('',(0.,0.,1.));
#1529=CARTESIAN_POINT('',(-8.43586590245238,-9.21157003932155,13.3));
#1530=CARTESIAN_POINT('',(-8.43586590245238,-9.21157003932155,13.3));
#1531=VECTOR('',#1532,1.);
#1532=DIRECTION('',(0.,0.,1.));
#1533=CARTESIAN_POINT('',(-9.45859474098958,-8.15793121074268,13.3));
#1534=AXIS2_PLACEMENT_3D('',#1535,#1536,#1537);
#1535=CARTESIAN_POINT('',(0.,0.,13.3));
#1536=DIRECTION('',(0.,0.,1.));
#1537=DIRECTION('',(-0.757252746497175,-0.653121947206251,0.));
#1538=CARTESIAN_POINT('',(-9.45859474098958,-8.15793121074268,13.3));
#1539=VECTOR('',#1540,1.);
#1540=DIRECTION('',(0.,0.,1.));
#1541=CARTESIAN_POINT('',(8.43586590245238,9.21157003932155,13.3));
#1542=CARTESIAN_POINT('',(8.43586590245238,9.21157003932155,13.3));
#1543=VECTOR('',#1544,1.);
#1544=DIRECTION('',(0.,0.,1.));
#1545=CARTESIAN_POINT('',(9.45859474098958,8.15793121074268,13.3));
#1546=AXIS2_PLACEMENT_3D('',#1547,#1548,#1549);
#1547=CARTESIAN_POINT('',(0.,0.,13.3));
#1548=DIRECTION('',(0.,0.,1.));
#1549=DIRECTION('',(0.757252746497175,0.653121947206251,0.));
#1550=CARTESIAN_POINT('',(9.45859474098958,8.15793121074268,13.3));
#1551=VECTOR('',#1552,1.);
#1552=DIRECTION('',(0.,0.,1.));
#1553=CARTESIAN_POINT('',(8.43586590245238,9.21157003932155,13.3));
#1554=VECTOR('',#1555,1.);
#1555=DIRECTION('',(-0.675167321068076,-0.737664617940808,0.));
#1556=CARTESIAN_POINT('',(8.44414070568544,7.0495735858693,13.3));
#1557=VECTOR('',#1558,1.);
#1558=DIRECTION('',(0.675167321068075,0.737664617940808,0.));
#1559=CARTESIAN_POINT('',(-2.45601546455614,2.49358938838396,1.9));
#1560=CARTESIAN_POINT('',(-2.45601546455614,2.49358938838396,1.9));
#1561=VECTOR('',#1562,1.);
#1562=DIRECTION('',(-0.896729762599023,0.44257850475266,0.));
#1563=CARTESIAN_POINT('',(6.42939569552361E-16,3.5,1.9));
#1564=AXIS2_PLACEMENT_3D('',#1565,#1566,#1567);
#1565=CARTESIAN_POINT('',(0.,0.,1.9));
#1566=DIRECTION('',(0.,0.,1.));
#1567=DIRECTION('',(6.12323399573677E-17,1.,0.));
#1568=CARTESIAN_POINT('',(0.351955625347655,3.48225892744726,1.9));
#1569=AXIS2_PLACEMENT_3D('',#1570,#1571,#1572);
#1570=CARTESIAN_POINT('',(0.,0.,1.9));
#1571=DIRECTION('',(0.,0.,1.));
#1572=DIRECTION('',(0.10055875009933,0.994931122127788,0.));
#1573=CARTESIAN_POINT('',(1.24817222068795,10.9289553987334,1.9));
#1574=VECTOR('',#1575,1.);
#1575=DIRECTION('',(-0.119488650399019,-0.992835566660372,0.));
#1576=CARTESIAN_POINT('',(0.351955625347651,3.48225892744726,10.4));
#1577=CARTESIAN_POINT('',(0.351955625347652,3.48225892744726,10.4));
#1578=VECTOR('',#1579,1.);
#1579=DIRECTION('',(0.119488650399019,0.992835566660372,0.));
#1580=CARTESIAN_POINT('',(0.35195562534765,3.48225892744726,1.9));
#1581=VECTOR('',#1582,1.);
#1582=DIRECTION('',(0.,0.,1.));
#1583=CARTESIAN_POINT('',(1.61259391979148,3.10637100969146,10.4));
#1584=AXIS2_PLACEMENT_3D('',#1585,#1586,#1587);
#1585=CARTESIAN_POINT('',(4.44089209850063E-16,0.,10.4));
#1586=DIRECTION('',(0.,0.,-1.));
#1587=DIRECTION('',(0.100558750099329,0.994931122127789,0.));
#1588=CARTESIAN_POINT('',(2.71043287354237,10.6608420698377,10.4));
#1589=VECTOR('',#1590,1.);
#1590=DIRECTION('',(-0.143812434912272,-0.989604963389232,0.));
#1591=CARTESIAN_POINT('',(1.61259391979148,3.10637100969146,1.9));
#1592=CARTESIAN_POINT('',(1.61259391979148,3.10637100969146,1.9));
#1593=VECTOR('',#1594,1.);
#1594=DIRECTION('',(1.56737368182375E-16,-5.2245789394125E-17,1.));
#1595=CARTESIAN_POINT('',(1.61259391979148,3.10637100969146,1.9));
#1596=VECTOR('',#1597,1.);
#1597=DIRECTION('',(0.143812434912272,0.989604963389232,0.));
#1598=CARTESIAN_POINT('',(3.42058531387398,0.741347496461459,1.9));
#1599=AXIS2_PLACEMENT_3D('',#1600,#1601,#1602);
#1600=CARTESIAN_POINT('',(0.,0.,1.9));
#1601=DIRECTION('',(0.,0.,1.));
#1602=DIRECTION('',(0.977310089678279,0.21181357041756,0.));
#1603=CARTESIAN_POINT('',(10.7797606763637,2.19015062503057,1.9));
#1604=VECTOR('',#1605,1.);
#1605=DIRECTION('',(-0.981166758890161,-0.193162603132636,0.));
#1606=CARTESIAN_POINT('',(3.42058531387397,0.74134749646146,10.4));
#1607=CARTESIAN_POINT('',(3.42058531387397,0.741347496461459,10.4));
#1608=VECTOR('',#1609,1.);
#1609=DIRECTION('',(0.981166758890161,0.193162603132636,0.));
#1610=CARTESIAN_POINT('',(3.42058531387397,0.741347496461459,1.9));
#1611=VECTOR('',#1612,1.);
#1612=DIRECTION('',(0.,0.,1.));
#1613=CARTESIAN_POINT('',(3.4526533170387,-0.573746522727302,10.4));
#1614=AXIS2_PLACEMENT_3D('',#1615,#1616,#1617);
#1615=CARTESIAN_POINT('',(1.77635683940025E-15,-1.11022302462516E-16,10.4));
#1616=DIRECTION('',(0.,0.,-1.));
#1617=DIRECTION('',(0.977310089678279,0.211813570417561,0.));
#1618=CARTESIAN_POINT('',(10.9766331397498,0.716606527564168,10.4));
#1619=VECTOR('',#1620,1.);
#1620=DIRECTION('',(-0.985610735379689,-0.169030998057481,0.));
#1621=CARTESIAN_POINT('',(3.4526533170387,-0.573746522727303,1.9));
#1622=CARTESIAN_POINT('',(3.4526533170387,-0.573746522727302,1.9));
#1623=VECTOR('',#1624,1.);
#1624=DIRECTION('',(0.,0.,1.));
#1625=CARTESIAN_POINT('',(3.4526533170387,-0.573746522727302,1.9));
#1626=VECTOR('',#1627,1.);
#1627=DIRECTION('',(0.985610735379689,0.169030998057481,0.));
#1628=CARTESIAN_POINT('',(1.76208236004519,-3.02408097715943,1.9));
#1629=AXIS2_PLACEMENT_3D('',#1630,#1631,#1632);
#1630=CARTESIAN_POINT('',(0.,0.,1.9));
#1631=DIRECTION('',(0.,0.,1.));
#1632=DIRECTION('',(0.503452102870055,-0.864023136331267,0.));
#1633=CARTESIAN_POINT('',(5.41408626789441,-9.57536787198263,1.9));
#1634=VECTOR('',#1635,1.);
#1635=DIRECTION('',(-0.486905755226674,0.873454512568996,0.));
#1636=CARTESIAN_POINT('',(1.7620823600452,-3.02408097715943,10.4));
#1637=CARTESIAN_POINT('',(1.7620823600452,-3.02408097715943,10.4));
#1638=VECTOR('',#1639,1.);
#1639=DIRECTION('',(0.486905755226674,-0.873454512568996,0.));
#1640=CARTESIAN_POINT('',(1.7620823600452,-3.02408097715943,1.9));
#1641=VECTOR('',#1642,1.);
#1642=DIRECTION('',(0.,0.,1.));
#1643=CARTESIAN_POINT('',(0.521263181508505,-3.460965861664,10.4));
#1644=AXIS2_PLACEMENT_3D('',#1645,#1646,#1647);
#1645=CARTESIAN_POINT('',(8.88178419700125E-16,0.,10.4));
#1646=DIRECTION('',(0.,0.,-1.));
#1647=DIRECTION('',(0.503452102870055,-0.864023136331267,0.));
#1648=CARTESIAN_POINT('',(4.07349948886145,-10.217954879243,10.4));
#1649=VECTOR('',#1650,1.);
#1650=DIRECTION('',(-0.465328499229154,0.885138061437391,0.));
#1651=CARTESIAN_POINT('',(0.521263181508504,-3.460965861664,1.9));
#1652=CARTESIAN_POINT('',(0.521263181508505,-3.460965861664,1.9));
#1653=VECTOR('',#1654,1.);
#1654=DIRECTION('',(0.,0.,1.));
#1655=CARTESIAN_POINT('',(0.521263181508505,-3.460965861664,1.9));
#1656=VECTOR('',#1657,1.);
#1657=DIRECTION('',(0.465328499229154,-0.885138061437391,0.));
#1658=CARTESIAN_POINT('',(-2.33155852438939,-2.61033232507801,1.9));
#1659=AXIS2_PLACEMENT_3D('',#1660,#1661,#1662);
#1660=CARTESIAN_POINT('',(0.,0.,1.9));
#1661=DIRECTION('',(0.,0.,1.));
#1662=DIRECTION('',(-0.666159578396969,-0.745809235736574,0.));
#1663=CARTESIAN_POINT('',(-7.43367134478093,-8.10805342469959,1.9));
#1664=VECTOR('',#1665,1.);
#1665=DIRECTION('',(0.68024245284214,0.732987179527247,0.));
#1666=CARTESIAN_POINT('',(-2.33155852438941,-2.61033232507799,10.4));
#1667=CARTESIAN_POINT('',(-2.33155852438942,-2.61033232507799,10.4));
#1668=VECTOR('',#1669,1.);
#1669=DIRECTION('',(-0.68024245284214,-0.732987179527247,0.));
#1670=CARTESIAN_POINT('',(-2.33155852438941,-2.610332325078,1.9));
#1671=VECTOR('',#1672,1.);
#1672=DIRECTION('',(0.,0.,1.));
#1673=CARTESIAN_POINT('',(-3.13049495378254,-1.56524801368412,10.4));
#1674=AXIS2_PLACEMENT_3D('',#1675,#1676,#1677);
#1675=CARTESIAN_POINT('',(0.,-8.88178419700125E-16,10.4));
#1676=DIRECTION('',(0.,0.,-1.));
#1677=DIRECTION('',(-0.666159578396976,-0.745809235736568,0.));
#1678=CARTESIAN_POINT('',(-8.45907200247805,-7.03164993844916,10.4));
#1679=VECTOR('',#1680,1.);
#1680=DIRECTION('',(0.698021906922092,0.716076404761982,0.));
#1681=CARTESIAN_POINT('',(-3.13049495378254,-1.56524801368412,1.9));
#1682=CARTESIAN_POINT('',(-3.13049495378254,-1.56524801368412,1.9));
#1683=VECTOR('',#1684,1.);
#1684=DIRECTION('',(0.,0.,1.));
#1685=CARTESIAN_POINT('',(-3.13049495378254,-1.56524801368412,1.9));
#1686=VECTOR('',#1687,1.);
#1687=DIRECTION('',(-0.698021906922092,-0.716076404761982,0.));
#1688=CARTESIAN_POINT('',(-3.2030647748774,1.4108068783287,1.9));
#1689=AXIS2_PLACEMENT_3D('',#1690,#1691,#1692);
#1690=CARTESIAN_POINT('',(0.,0.,1.9));
#1691=DIRECTION('',(0.,0.,1.));
#1692=DIRECTION('',(-0.915161364250687,0.403087679522486,0.));
#1693=CARTESIAN_POINT('',(-10.0083478201652,4.5643152729183,1.9));
#1694=VECTOR('',#1695,1.);
#1695=DIRECTION('',(0.907318711673714,-0.420443522303236,0.));
#1696=CARTESIAN_POINT('',(-3.2030647748774,1.4108068783287,10.4));
#1697=CARTESIAN_POINT('',(-3.2030647748774,1.4108068783287,10.4));
#1698=VECTOR('',#1699,1.);
#1699=DIRECTION('',(-0.907318711673714,0.420443522303236,0.));
#1700=CARTESIAN_POINT('',(-3.20306477487741,1.41080687832869,1.9));
#1701=VECTOR('',#1702,1.);
#1702=DIRECTION('',(0.,0.,1.));
#1703=CARTESIAN_POINT('',(-2.45601546455615,2.49358938838396,10.4));
#1704=AXIS2_PLACEMENT_3D('',#1705,#1706,#1707);
#1705=CARTESIAN_POINT('',(0.,1.77635683940025E-15,10.4));
#1706=DIRECTION('',(0.,0.,-1.));
#1707=DIRECTION('',(-0.915161364250687,0.403087679522485,0.));
#1708=CARTESIAN_POINT('',(-9.30149349967552,5.8721562202903,10.4));
#1709=VECTOR('',#1710,1.);
#1710=DIRECTION('',(0.896729762599023,-0.44257850475266,0.));
#1711=CARTESIAN_POINT('',(-2.45601546455614,2.49358938838396,1.9));
#1712=VECTOR('',#1713,1.);
#1713=DIRECTION('',(0.,0.,1.));
#1714=CARTESIAN_POINT('',(-8.44414070568544,-7.0495735858693,13.3));
#1715=VECTOR('',#1716,1.);
#1716=DIRECTION('',(-0.675167321068077,-0.737664617940806,0.));
#1717=CARTESIAN_POINT('',(-8.43586590245238,-9.21157003932155,13.3));
#1718=VECTOR('',#1719,1.);
#1719=DIRECTION('',(0.675167321068077,0.737664617940807,0.));
#1720=CARTESIAN_POINT('',(2.51476375749643,21.4531108057545,1.9));
#1721=CARTESIAN_POINT('',(2.51476375749644,21.4531108057545,1.9));
#1722=VECTOR('',#1723,1.);
#1723=DIRECTION('',(-0.119488650399019,-0.992835566660372,0.));
#1724=CARTESIAN_POINT('',(1.32261854307914E-15,21.6,1.9));
#1725=AXIS2_PLACEMENT_3D('',#1726,#1727,#1728);
#1726=CARTESIAN_POINT('',(0.,0.,1.9));
#1727=DIRECTION('',(0.,0.,1.));
#1728=DIRECTION('',(0.116424248032242,0.993199574340488,0.));
#1729=CARTESIAN_POINT('',(-18.833369352184,10.5765872966764,1.9));
#1730=AXIS2_PLACEMENT_3D('',#1731,#1732,#1733);
#1731=CARTESIAN_POINT('',(0.,0.,1.9));
#1732=DIRECTION('',(0.,0.,1.));
#1733=DIRECTION('',(6.12323399573677E-17,1.,0.));
#1734=CARTESIAN_POINT('',(-10.6446924083701,6.53508834253018,1.9));
#1735=VECTOR('',#1736,1.);
#1736=DIRECTION('',(-0.896729762599023,0.44257850475266,0.));
#1737=CARTESIAN_POINT('',(-18.833369352184,10.5765872966764,11.9));
#1738=CARTESIAN_POINT('',(-18.833369352184,10.5765872966764,1.9));
#1739=VECTOR('',#1740,1.);
#1740=DIRECTION('',(0.,0.,1.));
#1741=CARTESIAN_POINT('',(-10.6446924083701,6.53508834253018,11.9));
#1742=VECTOR('',#1743,1.);
#1743=DIRECTION('',(-0.896729762599023,0.442578504752659,0.));
#1744=CARTESIAN_POINT('',(-19.6260160887102,9.02105827969685,11.9));
#1745=AXIS2_PLACEMENT_3D('',#1746,#1747,#1748);
#1746=CARTESIAN_POINT('',(0.,0.,11.9));
#1747=DIRECTION('',(0.,0.,1.));
#1748=DIRECTION('',(-0.871915247786296,0.489656819290574,0.));
#1749=CARTESIAN_POINT('',(-19.6260160887102,9.02105827969685,11.9));
#1750=VECTOR('',#1751,1.);
#1751=DIRECTION('',(0.907318711673714,-0.420443522303236,0.));
#1752=CARTESIAN_POINT('',(-19.6260160887102,9.02105827969685,1.9));
#1753=CARTESIAN_POINT('',(-19.6260160887102,9.02105827969685,1.9));
#1754=VECTOR('',#1755,1.);
#1755=DIRECTION('',(0.,0.,1.));
#1756=CARTESIAN_POINT('',(-19.6260160887102,9.02105827969685,1.9));
#1757=VECTOR('',#1758,1.);
#1758=DIRECTION('',(0.907318711673714,-0.420443522303236,0.));
#1759=CARTESIAN_POINT('',(-15.8787634598338,-14.6432534290248,1.9));
#1760=AXIS2_PLACEMENT_3D('',#1761,#1762,#1763);
#1761=CARTESIAN_POINT('',(0.,0.,1.9));
#1762=DIRECTION('',(0.,0.,1.));
#1763=DIRECTION('',(-0.908611855958807,0.417641587023002,0.));
#1764=CARTESIAN_POINT('',(-9.50462920680816,-8.10425072135447,1.9));
#1765=VECTOR('',#1766,1.);
#1766=DIRECTION('',(-0.698021906922093,-0.716076404761982,0.));
#1767=CARTESIAN_POINT('',(-15.8787634598338,-14.6432534290248,11.9));
#1768=CARTESIAN_POINT('',(-15.8787634598338,-14.6432534290248,1.9));
#1769=VECTOR('',#1770,1.);
#1770=DIRECTION('',(0.,0.,1.));
#1771=CARTESIAN_POINT('',(-9.50462920680816,-8.10425072135447,11.9));
#1772=VECTOR('',#1773,1.);
#1773=DIRECTION('',(-0.698021906922093,-0.716076404761982,0.));
#1774=CARTESIAN_POINT('',(-14.6443087640716,-15.8777901744082,11.9));
#1775=AXIS2_PLACEMENT_3D('',#1776,#1777,#1778);
#1776=CARTESIAN_POINT('',(0.,0.,11.9));
#1777=DIRECTION('',(0.,0.,1.));
#1778=DIRECTION('',(-0.735127937955268,-0.67792839949189,0.));
#1779=CARTESIAN_POINT('',(-14.6443087640716,-15.8777901744082,11.9));
#1780=VECTOR('',#1781,1.);
#1781=DIRECTION('',(0.68024245284214,0.732987179527247,0.));
#1782=CARTESIAN_POINT('',(-14.6443087640716,-15.8777901744082,1.9));
#1783=CARTESIAN_POINT('',(-14.6443087640716,-15.8777901744082,1.9));
#1784=VECTOR('',#1785,1.);
#1785=DIRECTION('',(0.,0.,1.));
#1786=CARTESIAN_POINT('',(-14.6443087640716,-15.8777901744082,1.9));
#1787=VECTOR('',#1788,1.);
#1788=DIRECTION('',(0.68024245284214,0.732987179527247,0.));
#1789=CARTESIAN_POINT('',(9.01975383468683,-19.6266156216922,1.9));
#1790=AXIS2_PLACEMENT_3D('',#1791,#1792,#1793);
#1791=CARTESIAN_POINT('',(0.,0.,1.9));
#1792=DIRECTION('',(0.,0.,1.));
#1793=DIRECTION('',(-0.677977257595909,-0.735082878444826,0.));
#1794=CARTESIAN_POINT('',(4.77050850809767,-11.5437907416781,1.9));
#1795=VECTOR('',#1796,1.);
#1796=DIRECTION('',(0.465328499229154,-0.885138061437391,0.));
#1797=CARTESIAN_POINT('',(9.01975383468683,-19.6266156216922,11.9));
#1798=CARTESIAN_POINT('',(9.01975383468683,-19.6266156216922,1.9));
#1799=VECTOR('',#1800,1.);
#1800=DIRECTION('',(0.,0.,1.));
#1801=CARTESIAN_POINT('',(4.77050850809767,-11.5437907416781,11.9));
#1802=VECTOR('',#1803,1.);
#1803=DIRECTION('',(0.465328499229154,-0.885138061437391,0.));
#1804=CARTESIAN_POINT('',(10.575335530766,-18.8340722737203,11.9));
#1805=AXIS2_PLACEMENT_3D('',#1806,#1807,#1808);
#1806=CARTESIAN_POINT('',(0.,0.,11.9));
#1807=DIRECTION('',(0.,0.,1.));
#1808=DIRECTION('',(0.417581196050316,-0.908639612115379,0.));
#1809=CARTESIAN_POINT('',(10.575335530766,-18.8340722737203,11.9));
#1810=VECTOR('',#1811,1.);
#1811=DIRECTION('',(-0.486905755226674,0.873454512568996,0.));
#1812=CARTESIAN_POINT('',(10.575335530766,-18.8340722737203,1.9));
#1813=CARTESIAN_POINT('',(10.575335530766,-18.8340722737203,1.9));
#1814=VECTOR('',#1815,1.);
#1815=DIRECTION('',(0.,0.,1.));
#1816=CARTESIAN_POINT('',(10.575335530766,-18.8340722737203,1.9));
#1817=VECTOR('',#1818,1.);
#1818=DIRECTION('',(-0.486905755226674,0.873454512568996,0.));
#1819=CARTESIAN_POINT('',(21.4532778998275,2.5133378906894,1.9));
#1820=AXIS2_PLACEMENT_3D('',#1821,#1822,#1823);
#1821=CARTESIAN_POINT('',(0.,0.,1.9));
#1822=DIRECTION('',(0.,0.,1.));
#1823=DIRECTION('',(0.489598867165092,-0.871947790450012,0.));
#1824=CARTESIAN_POINT('',(12.4529656084331,0.969795683981051,1.9));
#1825=VECTOR('',#1826,1.);
#1826=DIRECTION('',(0.985610735379689,0.169030998057481,0.));
#1827=CARTESIAN_POINT('',(21.4532778998275,2.5133378906894,11.9));
#1828=CARTESIAN_POINT('',(21.4532778998275,2.5133378906894,1.9));
#1829=VECTOR('',#1830,1.);
#1830=DIRECTION('',(0.,0.,1.));
#1831=CARTESIAN_POINT('',(12.4529656084331,0.969795683981051,11.9));
#1832=VECTOR('',#1833,1.);
#1833=DIRECTION('',(0.985610735379689,0.169030998057481,0.));
#1834=CARTESIAN_POINT('',(21.1802255645194,4.2376933626771,11.9));
#1835=AXIS2_PLACEMENT_3D('',#1836,#1837,#1838);
#1836=CARTESIAN_POINT('',(0.,0.,11.9));
#1837=DIRECTION('',(0.,0.,1.));
#1838=DIRECTION('',(0.993207310177197,0.116358235680065,0.));
#1839=CARTESIAN_POINT('',(21.1802255645194,4.2376933626771,11.9));
#1840=VECTOR('',#1841,1.);
#1841=DIRECTION('',(-0.981166758890161,-0.193162603132636,0.));
#1842=CARTESIAN_POINT('',(21.1802255645194,4.2376933626771,1.9));
#1843=CARTESIAN_POINT('',(21.1802255645194,4.2376933626771,1.9));
#1844=VECTOR('',#1845,1.);
#1845=DIRECTION('',(0.,0.,1.));
#1846=CARTESIAN_POINT('',(21.1802255645194,4.2376933626771,1.9));
#1847=VECTOR('',#1848,1.);
#1848=DIRECTION('',(-0.981166758890161,-0.193162603132636,0.));
#1849=CARTESIAN_POINT('',(4.23910107750348,21.1799438633512,1.9));
#1850=AXIS2_PLACEMENT_3D('',#1851,#1852,#1853);
#1851=CARTESIAN_POINT('',(0.,0.,1.9));
#1852=DIRECTION('',(0.,0.,1.));
#1853=DIRECTION('',(0.980565998357381,0.196189507531347,0.));
#1854=CARTESIAN_POINT('',(2.92584749864748,12.1431574365213,1.9));
#1855=VECTOR('',#1856,1.);
#1856=DIRECTION('',(0.143812434912272,0.989604963389232,0.));
#1857=CARTESIAN_POINT('',(4.23910107750349,21.1799438633512,11.9));
#1858=CARTESIAN_POINT('',(4.23910107750349,21.1799438633512,1.9));
#1859=VECTOR('',#1860,1.);
#1860=DIRECTION('',(0.,0.,1.));
#1861=CARTESIAN_POINT('',(2.92584749864748,12.1431574365213,11.9));
#1862=VECTOR('',#1863,1.);
#1863=DIRECTION('',(0.143812434912272,0.989604963389232,0.));
#1864=CARTESIAN_POINT('',(2.51476375749644,21.4531108057545,11.9));
#1865=AXIS2_PLACEMENT_3D('',#1866,#1867,#1868);
#1866=CARTESIAN_POINT('',(0.,0.,11.9));
#1867=DIRECTION('',(0.,0.,1.));
#1868=DIRECTION('',(0.196254679514051,0.98055295663663,0.));
#1869=CARTESIAN_POINT('',(2.51476375749644,21.4531108057545,11.9));
#1870=VECTOR('',#1871,1.);
#1871=DIRECTION('',(-0.119488650399018,-0.992835566660372,0.));
#1872=CARTESIAN_POINT('',(2.51476375749644,21.4531108057545,1.9));
#1873=VECTOR('',#1874,1.);
#1874=DIRECTION('',(0.,0.,1.));
#1875=CARTESIAN_POINT('',(6.42939569552361E-16,3.5,15.));
#1876=AXIS2_PLACEMENT_3D('',#1877,#1878,#1879);
#1877=CARTESIAN_POINT('',(0.,0.,15.));
#1878=DIRECTION('',(0.,0.,1.));
#1879=DIRECTION('',(6.12323399573677E-17,1.,0.));
#1880=CARTESIAN_POINT('',(6.61309271539571E-15,21.6,15.));
#1881=AXIS2_PLACEMENT_3D('',#1882,#1883,#1884);
#1882=CARTESIAN_POINT('',(0.,0.,15.));
#1883=DIRECTION('',(0.,0.,1.));
#1884=DIRECTION('',(6.12323399573677E-17,1.,0.));
#1885=CARTESIAN_POINT('',(3.00038465791102E-16,2.45,15.));
#1886=AXIS2_PLACEMENT_3D('',#1887,#1888,#1889);
#1887=CARTESIAN_POINT('',(0.,0.,15.));
#1888=DIRECTION('',(0.,0.,1.));
#1889=DIRECTION('',(6.12323399573677E-17,1.,0.));
#1890=CARTESIAN_POINT('',(4.31687996699442E-15,23.5,15.));
#1891=AXIS2_PLACEMENT_3D('',#1892,#1893,#1894);
#1892=CARTESIAN_POINT('',(0.,0.,15.));
#1893=DIRECTION('',(0.,0.,1.));
#1894=DIRECTION('',(6.12323399573677E-17,1.,0.));
#1895=CARTESIAN_POINT('',(0.,2.45,6.5));
#1896=AXIS2_PLACEMENT_3D('',#1897,#1898,#1899);
#1897=CARTESIAN_POINT('',(0.,0.,6.5));
#1898=DIRECTION('',(0.,0.,1.));
#1899=DIRECTION('',(0.,1.,0.));
#1900=CARTESIAN_POINT('',(4.31687996699442E-15,23.5,0.));
#1901=AXIS2_PLACEMENT_3D('',#1902,#1903,#1904);
#1902=CARTESIAN_POINT('',(0.,0.,0.));
#1903=DIRECTION('',(0.,0.,1.));
#1904=DIRECTION('',(6.12323399573677E-17,1.,0.));
#1905=DRAUGHTING_MODEL('NONE',(#1911,#2011,#2111,#2217,#2327,#2437),#8);
#1906=PLANE('',#1907);
#1907=AXIS2_PLACEMENT_3D('',#1908,#1909,#1910);
#1908=CARTESIAN_POINT('',(0.,0.,15.));
#1909=DIRECTION('',(0.,0.,1.));
#1910=DIRECTION('',(-0.524310509672138,0.851527151327157,0.));
#1911=ANNOTATION_PLANE('',(#1912),#1906,(#1960));
#1912=PRESENTATION_STYLE_ASSIGNMENT((#1914));
#1913=COLOUR_RGB('',0.,0.,0.);
#1914=CURVE_STYLE('',#1915,POSITIVE_LENGTH_MEASURE(0.1),#1913);
#1915=PRE_DEFINED_CURVE_FONT('continuous');
#1916=POLYLINE('',(#2542,#2543));
#1917=(ANNOTATION_OCCURRENCE()ANNOTATION_CURVE_OCCURRENCE()DRAUGHTING_ANNOTATION_OCCURRENCE(
)GEOMETRIC_REPRESENTATION_ITEM()REPRESENTATION_ITEM('')STYLED_ITEM((#1918),#1916));
#1918=PRESENTATION_STYLE_ASSIGNMENT((#1919));
#1919=CURVE_STYLE('',#1920,POSITIVE_LENGTH_MEASURE(0.1),#1921);
#1920=PRE_DEFINED_CURVE_FONT('continuous');
#1921=COLOUR_RGB('',0.,0.,0.);
#1922=PRE_DEFINED_DIMENSION_SYMBOL('diameter');
#1923=DEFINED_SYMBOL('',#1922,#1924);
#1924=SYMBOL_TARGET('',#1925,5.25958299636841,5.25958299636841);
#1925=AXIS2_PLACEMENT_3D('',#1926,#1927,#1928);
#1926=CARTESIAN_POINT('',(-20.1264221600352,37.5716992066993,15.));
#1927=DIRECTION('',(0.,0.,1.));
#1928=DIRECTION('',(0.524310509672138,-0.851527151327157,0.));
#1929=(ANNOTATION_OCCURRENCE()ANNOTATION_SYMBOL_OCCURRENCE()DRAUGHTING_ANNOTATION_OCCURRENCE(
)GEOMETRIC_REPRESENTATION_ITEM()REPRESENTATION_ITEM('')STYLED_ITEM((#1930),#1923));
#1930=PRESENTATION_STYLE_ASSIGNMENT((#1931));
#1931=SYMBOL_STYLE('',#1932);
#1932=COLOUR_RGB('',0.,0.,0.);
#1933=EXTERNALLY_DEFINED_TEXT_FONT(IDENTIFIER(''),#1934);
#1934=EXTERNAL_SOURCE(IDENTIFIER('GOST type A'));
#1935=TEXT_LITERAL_WITH_EXTENT('','4,9',#1937,'',.LEFT.,#1933,#1936);
#1936=PLANAR_EXTENT('',9.22833251953125,7.13581323623657);
#1937=AXIS2_PLACEMENT_3D('',#1938,#1939,#1940);
#1938=CARTESIAN_POINT('',(-18.3230126111482,34.6428008392028,15.));
#1939=DIRECTION('',(0.,0.,1.));
#1940=DIRECTION('',(0.524310509672138,-0.851527151327157,0.));
#1941=(ANNOTATION_OCCURRENCE()ANNOTATION_TEXT_OCCURRENCE()DRAUGHTING_ANNOTATION_OCCURRENCE(
)GEOMETRIC_REPRESENTATION_ITEM()REPRESENTATION_ITEM('')STYLED_ITEM((#1942),#1935));
#1942=PRESENTATION_STYLE_ASSIGNMENT((#1943));
#1943=TEXT_STYLE_WITH_BOX_CHARACTERISTICS('',#1944,(BOX_SLANT_ANGLE(0.),BOX_ROTATE_ANGLE(
0.)));
#1944=TEXT_STYLE_FOR_DEFINED_FONT(#1945);
#1945=COLOUR_RGB('',0.,0.,0.);
#1946=EXTERNALLY_DEFINED_TEXT_FONT(IDENTIFIER(''),#1947);
#1947=EXTERNAL_SOURCE(IDENTIFIER(''));
#1948=AXIS2_PLACEMENT_3D('',#1949,#1950,#1951);
#1949=CARTESIAN_POINT('',(0.,0.,15.));
#1950=DIRECTION('',(0.,0.,1.));
#1951=DIRECTION('',(-0.524310509672138,0.851527151327157,0.));
#1952=(DIMENSION_TEXT_ASSOCIATIVITY()REPRESENTATION_ITEM('')GEOMETRIC_REPRESENTATION_ITEM(
)TEXT_LITERAL('',#1948,'',.UNSPECIFIED.,#1946)MAPPED_ITEM(#2003,$));
#1953=(ANNOTATION_OCCURRENCE()ANNOTATION_TEXT_OCCURRENCE()DRAUGHTING_ANNOTATION_OCCURRENCE(
)GEOMETRIC_REPRESENTATION_ITEM()REPRESENTATION_ITEM('')STYLED_ITEM((#1954),#1952));
#1954=PRESENTATION_STYLE_ASSIGNMENT((#1955));
#1955=TEXT_STYLE_WITH_BOX_CHARACTERISTICS('',#1956,(BOX_SLANT_ANGLE(0.),BOX_ROTATE_ANGLE(
0.)));
#1956=TEXT_STYLE_FOR_DEFINED_FONT(#1957);
#1957=COLOUR_RGB('',0.,0.,0.);
#1958=REPRESENTATION_CONTEXT('NONE','NONE');
#1959=DIAMETER_DIMENSION('\X2\041404380430043C0435044204400430043B044C043D044B0439\X0\ \X2\044004300437043C04350440\X0\:3',
(#1917,#1929,#1941,#1953,#1966,#1971,#1983));
#1960=ANNOTATION_OCCURRENCE('',(#1961),#1959);
#1961=PRESENTATION_STYLE_ASSIGNMENT((#1963));
#1962=COLOUR_RGB('',0.,0.,0.);
#1963=CURVE_STYLE('',#1964,POSITIVE_LENGTH_MEASURE(0.1),#1962);
#1964=PRE_DEFINED_CURVE_FONT('continuous');
#1965=POLYLINE('',(#2544,#2545));
#1966=DIMENSION_CURVE('',(#1967),#1965);
#1967=PRESENTATION_STYLE_ASSIGNMENT((#1969));
#1968=COLOUR_RGB('',0.,0.,0.);
#1969=CURVE_STYLE('',#1970,POSITIVE_LENGTH_MEASURE(0.1),#1968);
#1970=PRE_DEFINED_CURVE_FONT('continuous');
#1971=TERMINATOR_SYMBOL('',(#1972),#1976,#1966);
#1972=PRESENTATION_STYLE_ASSIGNMENT((#1974));
#1973=COLOUR_RGB('',0.,0.,0.);
#1974=CURVE_STYLE('',#1975,POSITIVE_LENGTH_MEASURE(0.1),#1973);
#1975=PRE_DEFINED_CURVE_FONT('continuous');
#1976=DEFINED_SYMBOL('',#1977,#1978);
#1977=PRE_DEFINED_TERMINATOR_SYMBOL('filled arrow');
#1978=SYMBOL_TARGET('',#1979,0.1225,0.1225);
#1979=AXIS2_PLACEMENT_3D('',#1980,#1981,#1982);
#1980=CARTESIAN_POINT('',(1.28456074869674,-2.08624152075154,15.));
#1981=DIRECTION('',(0.,0.,1.));
#1982=DIRECTION('',(0.524310509672138,-0.851527151327157,0.));
#1983=TERMINATOR_SYMBOL('',(#1984),#1988,#1966);
#1984=PRESENTATION_STYLE_ASSIGNMENT((#1986));
#1985=COLOUR_RGB('',0.,0.,0.);
#1986=CURVE_STYLE('',#1987,POSITIVE_LENGTH_MEASURE(0.1),#1985);
#1987=PRE_DEFINED_CURVE_FONT('continuous');
#1988=DEFINED_SYMBOL('',#1989,#1990);
#1989=PRE_DEFINED_TERMINATOR_SYMBOL('filled arrow');
#1990=SYMBOL_TARGET('',#1991,0.1225,0.1225);
#1991=AXIS2_PLACEMENT_3D('',#1992,#1993,#1994);
#1992=CARTESIAN_POINT('',(-1.28456074869674,2.08624152075154,15.));
#1993=DIRECTION('',(0.,0.,1.));
#1994=DIRECTION('',(-0.524310509672138,0.851527151327157,0.));
#1995=SHAPE_DIMENSION_REPRESENTATION('NONE',(#2002),#8);
#1996=SHAPE_ASPECT('','',#29,.F.);
#1997=PROPERTY_DEFINITION('NONE','NONE',#1996);
#1998=PROPERTY_DEFINITION_REPRESENTATION(#1997,#1999);
#1999=REPRESENTATION('NONE',($),#8);
#2000=DIMENSIONAL_SIZE(#1996,'diameter');
#2001=DIMENSIONAL_CHARACTERISTIC_REPRESENTATION(#2000,#1995);
#2002=(LENGTH_MEASURE_WITH_UNIT()MEASURE_REPRESENTATION_ITEM()MEASURE_WITH_UNIT(
LENGTH_MEASURE(4.9),#9)REPRESENTATION_ITEM('diameter'));
#2003=REPRESENTATION_MAP($,#1995);
#2004=SHAPE_ASPECT('','',#29,.F.);
#2005=DRAUGHTING_MODEL_ITEM_ASSOCIATION('','',#2004,#1905,#1960);
#2006=PLANE('',#2007);
#2007=AXIS2_PLACEMENT_3D('',#2008,#2009,#2010);
#2008=CARTESIAN_POINT('',(0.,0.,15.));
#2009=DIRECTION('',(0.,0.,1.));
#2010=DIRECTION('',(-0.932561750690689,0.361010500053277,0.));
#2011=ANNOTATION_PLANE('',(#2012),#2006,(#2060));
#2012=PRESENTATION_STYLE_ASSIGNMENT((#2014));
#2013=COLOUR_RGB('',0.,0.,0.);
#2014=CURVE_STYLE('',#2015,POSITIVE_LENGTH_MEASURE(0.1),#2013);
#2015=PRE_DEFINED_CURVE_FONT('continuous');
#2016=POLYLINE('',(#2546,#2547));
#2017=(ANNOTATION_OCCURRENCE()ANNOTATION_CURVE_OCCURRENCE()DRAUGHTING_ANNOTATION_OCCURRENCE(
)GEOMETRIC_REPRESENTATION_ITEM()REPRESENTATION_ITEM('')STYLED_ITEM((#2018),#2016));
#2018=PRESENTATION_STYLE_ASSIGNMENT((#2019));
#2019=CURVE_STYLE('',#2020,POSITIVE_LENGTH_MEASURE(0.1),#2021);
#2020=PRE_DEFINED_CURVE_FONT('continuous');
#2021=COLOUR_RGB('',0.,0.,0.);
#2022=PRE_DEFINED_DIMENSION_SYMBOL('diameter');
#2023=DEFINED_SYMBOL('',#2022,#2024);
#2024=SYMBOL_TARGET('',#2025,5.25958299636841,5.25958299636841);
#2025=AXIS2_PLACEMENT_3D('',#2026,#2027,#2028);
#2026=CARTESIAN_POINT('',(-35.9549019537104,16.664997201671,15.));
#2027=DIRECTION('',(0.,0.,1.));
#2028=DIRECTION('',(0.932561750690689,-0.361010500053277,0.));
#2029=(ANNOTATION_OCCURRENCE()ANNOTATION_SYMBOL_OCCURRENCE()DRAUGHTING_ANNOTATION_OCCURRENCE(
)GEOMETRIC_REPRESENTATION_ITEM()REPRESENTATION_ITEM('')STYLED_ITEM((#2030),#2023));
#2030=PRESENTATION_STYLE_ASSIGNMENT((#2031));
#2031=SYMBOL_STYLE('',#2032);
#2032=COLOUR_RGB('',0.,0.,0.);
#2033=EXTERNALLY_DEFINED_TEXT_FONT(IDENTIFIER(''),#2034);
#2034=EXTERNAL_SOURCE(IDENTIFIER('GOST type A'));
#2035=TEXT_LITERAL_WITH_EXTENT('','7',#2037,'',.LEFT.,#2033,#2036);
#2036=PLANAR_EXTENT('',4.99499988555908,7.13581323623657);
#2037=AXIS2_PLACEMENT_3D('',#2038,#2039,#2040);
#2038=CARTESIAN_POINT('',(-32.747278350716,15.4232716000773,15.));
#2039=DIRECTION('',(0.,0.,1.));
#2040=DIRECTION('',(0.932561750690689,-0.361010500053277,0.));
#2041=(ANNOTATION_OCCURRENCE()ANNOTATION_TEXT_OCCURRENCE()DRAUGHTING_ANNOTATION_OCCURRENCE(
)GEOMETRIC_REPRESENTATION_ITEM()REPRESENTATION_ITEM('')STYLED_ITEM((#2042),#2035));
#2042=PRESENTATION_STYLE_ASSIGNMENT((#2043));
#2043=TEXT_STYLE_WITH_BOX_CHARACTERISTICS('',#2044,(BOX_SLANT_ANGLE(0.),BOX_ROTATE_ANGLE(
0.)));
#2044=TEXT_STYLE_FOR_DEFINED_FONT(#2045);
#2045=COLOUR_RGB('',0.,0.,0.);
#2046=EXTERNALLY_DEFINED_TEXT_FONT(IDENTIFIER(''),#2047);
#2047=EXTERNAL_SOURCE(IDENTIFIER(''));
#2048=AXIS2_PLACEMENT_3D('',#2049,#2050,#2051);
#2049=CARTESIAN_POINT('',(0.,0.,15.));
#2050=DIRECTION('',(0.,0.,1.));
#2051=DIRECTION('',(-0.932561750690689,0.361010500053277,0.));
#2052=(DIMENSION_TEXT_ASSOCIATIVITY()REPRESENTATION_ITEM('')GEOMETRIC_REPRESENTATION_ITEM(
)TEXT_LITERAL('',#2048,'',.UNSPECIFIED.,#2046)MAPPED_ITEM(#2103,$));
#2053=(ANNOTATION_OCCURRENCE()ANNOTATION_TEXT_OCCURRENCE()DRAUGHTING_ANNOTATION_OCCURRENCE(
)GEOMETRIC_REPRESENTATION_ITEM()REPRESENTATION_ITEM('')STYLED_ITEM((#2054),#2052));
#2054=PRESENTATION_STYLE_ASSIGNMENT((#2055));
#2055=TEXT_STYLE_WITH_BOX_CHARACTERISTICS('',#2056,(BOX_SLANT_ANGLE(0.),BOX_ROTATE_ANGLE(
0.)));
#2056=TEXT_STYLE_FOR_DEFINED_FONT(#2057);
#2057=COLOUR_RGB('',0.,0.,0.);
#2058=REPRESENTATION_CONTEXT('NONE','NONE');
#2059=DIAMETER_DIMENSION('\X2\041404380430043C0435044204400430043B044C043D044B0439\X0\ \X2\044004300437043C04350440\X0\:2',
(#2017,#2029,#2041,#2053,#2066,#2071,#2083));
#2060=ANNOTATION_OCCURRENCE('',(#2061),#2059);
#2061=PRESENTATION_STYLE_ASSIGNMENT((#2063));
#2062=COLOUR_RGB('',0.,0.,0.);
#2063=CURVE_STYLE('',#2064,POSITIVE_LENGTH_MEASURE(0.1),#2062);
#2064=PRE_DEFINED_CURVE_FONT('continuous');
#2065=POLYLINE('',(#2548,#2549));
#2066=DIMENSION_CURVE('',(#2067),#2065);
#2067=PRESENTATION_STYLE_ASSIGNMENT((#2069));
#2068=COLOUR_RGB('',0.,0.,0.);
#2069=CURVE_STYLE('',#2070,POSITIVE_LENGTH_MEASURE(0.1),#2068);
#2070=PRE_DEFINED_CURVE_FONT('continuous');
#2071=TERMINATOR_SYMBOL('',(#2072),#2076,#2066);
#2072=PRESENTATION_STYLE_ASSIGNMENT((#2074));
#2073=COLOUR_RGB('',0.,0.,0.);
#2074=CURVE_STYLE('',#2075,POSITIVE_LENGTH_MEASURE(0.1),#2073);
#2075=PRE_DEFINED_CURVE_FONT('continuous');
#2076=DEFINED_SYMBOL('',#2077,#2078);
#2077=PRE_DEFINED_TERMINATOR_SYMBOL('filled arrow');
#2078=SYMBOL_TARGET('',#2079,0.175,0.175);
#2079=AXIS2_PLACEMENT_3D('',#2080,#2081,#2082);
#2080=CARTESIAN_POINT('',(3.26396612741741,-1.26353675018647,15.));
#2081=DIRECTION('',(0.,0.,1.));
#2082=DIRECTION('',(0.932561750690689,-0.361010500053277,0.));
#2083=TERMINATOR_SYMBOL('',(#2084),#2088,#2066);
#2084=PRESENTATION_STYLE_ASSIGNMENT((#2086));
#2085=COLOUR_RGB('',0.,0.,0.);
#2086=CURVE_STYLE('',#2087,POSITIVE_LENGTH_MEASURE(0.1),#2085);
#2087=PRE_DEFINED_CURVE_FONT('continuous');
#2088=DEFINED_SYMBOL('',#2089,#2090);
#2089=PRE_DEFINED_TERMINATOR_SYMBOL('filled arrow');
#2090=SYMBOL_TARGET('',#2091,0.175,0.175);
#2091=AXIS2_PLACEMENT_3D('',#2092,#2093,#2094);
#2092=CARTESIAN_POINT('',(-3.26396612741741,1.26353675018647,15.));
#2093=DIRECTION('',(0.,0.,1.));
#2094=DIRECTION('',(-0.932561750690689,0.361010500053277,0.));
#2095=SHAPE_DIMENSION_REPRESENTATION('NONE',(#2102),#8);
#2096=SHAPE_ASPECT('','',#29,.F.);
#2097=PROPERTY_DEFINITION('NONE','NONE',#2096);
#2098=PROPERTY_DEFINITION_REPRESENTATION(#2097,#2099);
#2099=REPRESENTATION('NONE',($),#8);
#2100=DIMENSIONAL_SIZE(#2096,'diameter');
#2101=DIMENSIONAL_CHARACTERISTIC_REPRESENTATION(#2100,#2095);
#2102=(LENGTH_MEASURE_WITH_UNIT()MEASURE_REPRESENTATION_ITEM()MEASURE_WITH_UNIT(
LENGTH_MEASURE(7.),#9)REPRESENTATION_ITEM('diameter'));
#2103=REPRESENTATION_MAP($,#2095);
#2104=SHAPE_ASPECT('','',#29,.F.);
#2105=DRAUGHTING_MODEL_ITEM_ASSOCIATION('','',#2104,#1905,#2060);
#2106=PLANE('',#2107);
#2107=AXIS2_PLACEMENT_3D('',#2108,#2109,#2110);
#2108=CARTESIAN_POINT('',(0.,0.,15.));
#2109=DIRECTION('',(0.,0.,1.));
#2110=DIRECTION('',(-0.79118088988676,0.61158220990967,0.));
#2111=ANNOTATION_PLANE('',(#2112),#2106,(#2166));
#2112=PRESENTATION_STYLE_ASSIGNMENT((#2114));
#2113=COLOUR_RGB('',0.,0.,0.);
#2114=CURVE_STYLE('',#2115,POSITIVE_LENGTH_MEASURE(0.1),#2113);
#2115=PRE_DEFINED_CURVE_FONT('continuous');
#2116=POLYLINE('',(#2550,#2551));
#2117=(ANNOTATION_OCCURRENCE()ANNOTATION_CURVE_OCCURRENCE()DRAUGHTING_ANNOTATION_OCCURRENCE(
)GEOMETRIC_REPRESENTATION_ITEM()REPRESENTATION_ITEM('')STYLED_ITEM((#2118),#2116));
#2118=PRESENTATION_STYLE_ASSIGNMENT((#2119));
#2119=CURVE_STYLE('',#2120,POSITIVE_LENGTH_MEASURE(0.1),#2121);
#2120=PRE_DEFINED_CURVE_FONT('continuous');
#2121=COLOUR_RGB('',0.,0.,0.);
#2122=TRIMMED_CURVE('',#2552,(PARAMETER_VALUE(1.35369034169821)),(PARAMETER_VALUE(
3.32291242799128)),.T.,.PARAMETER.);
#2123=(ANNOTATION_OCCURRENCE()ANNOTATION_CURVE_OCCURRENCE()DRAUGHTING_ANNOTATION_OCCURRENCE(
)GEOMETRIC_REPRESENTATION_ITEM()REPRESENTATION_ITEM('')STYLED_ITEM((#2124),#2122));
#2124=PRESENTATION_STYLE_ASSIGNMENT((#2125));
#2125=CURVE_STYLE('',#2126,POSITIVE_LENGTH_MEASURE(0.1),#2127);
#2126=PRE_DEFINED_CURVE_FONT('continuous');
#2127=COLOUR_RGB('',0.,0.,0.);
#2128=PRE_DEFINED_DIMENSION_SYMBOL('diameter');
#2129=DEFINED_SYMBOL('',#2128,#2130);
#2130=SYMBOL_TARGET('',#2131,5.25958299636841,5.25958299636841);
#2131=AXIS2_PLACEMENT_3D('',#2132,#2133,#2134);
#2132=CARTESIAN_POINT('',(-37.8661418441845,32.507484534252,15.));
#2133=DIRECTION('',(0.,0.,1.));
#2134=DIRECTION('',(0.791180889886759,-0.61158220990967,0.));
#2135=(ANNOTATION_OCCURRENCE()ANNOTATION_SYMBOL_OCCURRENCE()DRAUGHTING_ANNOTATION_OCCURRENCE(
)GEOMETRIC_REPRESENTATION_ITEM()REPRESENTATION_ITEM('')STYLED_ITEM((#2136),#2129));
#2136=PRESENTATION_STYLE_ASSIGNMENT((#2137));
#2137=SYMBOL_STYLE('',#2138);
#2138=COLOUR_RGB('',0.,0.,0.);
#2139=EXTERNALLY_DEFINED_TEXT_FONT(IDENTIFIER(''),#2140);
#2140=EXTERNAL_SOURCE(IDENTIFIER('GOST type A'));
#2141=TEXT_LITERAL_WITH_EXTENT('','22',#2143,'',.LEFT.,#2139,#2142);
#2142=PLANAR_EXTENT('',8.16999912261963,7.13581323623657);
#2143=AXIS2_PLACEMENT_3D('',#2144,#2145,#2146);
#2144=CARTESIAN_POINT('',(-35.1448094554614,30.4038967233378,15.));
#2145=DIRECTION('',(0.,0.,1.));
#2146=DIRECTION('',(0.791180889886759,-0.61158220990967,0.));
#2147=(ANNOTATION_OCCURRENCE()ANNOTATION_TEXT_OCCURRENCE()DRAUGHTING_ANNOTATION_OCCURRENCE(
)GEOMETRIC_REPRESENTATION_ITEM()REPRESENTATION_ITEM('')STYLED_ITEM((#2148),#2141));
#2148=PRESENTATION_STYLE_ASSIGNMENT((#2149));
#2149=TEXT_STYLE_WITH_BOX_CHARACTERISTICS('',#2150,(BOX_SLANT_ANGLE(0.),BOX_ROTATE_ANGLE(
0.)));
#2150=TEXT_STYLE_FOR_DEFINED_FONT(#2151);
#2151=COLOUR_RGB('',0.,0.,0.);
#2152=EXTERNALLY_DEFINED_TEXT_FONT(IDENTIFIER(''),#2153);
#2153=EXTERNAL_SOURCE(IDENTIFIER(''));
#2154=AXIS2_PLACEMENT_3D('',#2155,#2156,#2157);
#2155=CARTESIAN_POINT('',(0.,0.,15.));
#2156=DIRECTION('',(0.,0.,1.));
#2157=DIRECTION('',(-0.79118088988676,0.61158220990967,0.));
#2158=(DIMENSION_TEXT_ASSOCIATIVITY()REPRESENTATION_ITEM('')GEOMETRIC_REPRESENTATION_ITEM(
)TEXT_LITERAL('',#2154,'',.UNSPECIFIED.,#2152)MAPPED_ITEM(#2209,$));
#2159=(ANNOTATION_OCCURRENCE()ANNOTATION_TEXT_OCCURRENCE()DRAUGHTING_ANNOTATION_OCCURRENCE(
)GEOMETRIC_REPRESENTATION_ITEM()REPRESENTATION_ITEM('')STYLED_ITEM((#2160),#2158));
#2160=PRESENTATION_STYLE_ASSIGNMENT((#2161));
#2161=TEXT_STYLE_WITH_BOX_CHARACTERISTICS('',#2162,(BOX_SLANT_ANGLE(0.),BOX_ROTATE_ANGLE(
0.)));
#2162=TEXT_STYLE_FOR_DEFINED_FONT(#2163);
#2163=COLOUR_RGB('',0.,0.,0.);
#2164=REPRESENTATION_CONTEXT('NONE','NONE');
#2165=DIAMETER_DIMENSION('\X2\041404380430043C0435044204400430043B044C043D044B0439\X0\ \X2\044004300437043C04350440\X0\:1',
(#2117,#2123,#2135,#2147,#2159,#2172,#2177,#2189));
#2166=ANNOTATION_OCCURRENCE('',(#2167),#2165);
#2167=PRESENTATION_STYLE_ASSIGNMENT((#2169));
#2168=COLOUR_RGB('',0.,0.,0.);
#2169=CURVE_STYLE('',#2170,POSITIVE_LENGTH_MEASURE(0.1),#2168);
#2170=PRE_DEFINED_CURVE_FONT('continuous');
#2171=POLYLINE('',(#2553,#2554));
#2172=DIMENSION_CURVE('',(#2173),#2171);
#2173=PRESENTATION_STYLE_ASSIGNMENT((#2175));
#2174=COLOUR_RGB('',0.,0.,0.);
#2175=CURVE_STYLE('',#2176,POSITIVE_LENGTH_MEASURE(0.1),#2174);
#2176=PRE_DEFINED_CURVE_FONT('continuous');
#2177=TERMINATOR_SYMBOL('',(#2178),#2182,#2172);
#2178=PRESENTATION_STYLE_ASSIGNMENT((#2180));
#2179=COLOUR_RGB('',0.,0.,0.);
#2180=CURVE_STYLE('',#2181,POSITIVE_LENGTH_MEASURE(0.1),#2179);
#2181=PRE_DEFINED_CURVE_FONT('continuous');
#2182=DEFINED_SYMBOL('',#2183,#2184);
#2183=PRE_DEFINED_TERMINATOR_SYMBOL('filled arrow');
#2184=SYMBOL_TARGET('',#2185,0.55,0.55);
#2185=AXIS2_PLACEMENT_3D('',#2186,#2187,#2188);
#2186=CARTESIAN_POINT('',(8.70298978875435,-6.72740430900637,15.));
#2187=DIRECTION('',(0.,0.,1.));
#2188=DIRECTION('',(-0.79118088988676,0.61158220990967,0.));
#2189=TERMINATOR_SYMBOL('',(#2190),#2194,#2172);
#2190=PRESENTATION_STYLE_ASSIGNMENT((#2192));
#2191=COLOUR_RGB('',0.,0.,0.);
#2192=CURVE_STYLE('',#2193,POSITIVE_LENGTH_MEASURE(0.1),#2191);
#2193=PRE_DEFINED_CURVE_FONT('continuous');
#2194=DEFINED_SYMBOL('',#2195,#2196);
#2195=PRE_DEFINED_TERMINATOR_SYMBOL('filled arrow');
#2196=SYMBOL_TARGET('',#2197,0.55,0.55);
#2197=AXIS2_PLACEMENT_3D('',#2198,#2199,#2200);
#2198=CARTESIAN_POINT('',(-8.70298978875435,6.72740430900637,15.));
#2199=DIRECTION('',(0.,0.,1.));
#2200=DIRECTION('',(0.79118088988676,-0.61158220990967,0.));
#2201=SHAPE_DIMENSION_REPRESENTATION('NONE',(#2208),#8);
#2202=SHAPE_ASPECT('','',#29,.F.);
#2203=PROPERTY_DEFINITION('NONE','NONE',#2202);
#2204=PROPERTY_DEFINITION_REPRESENTATION(#2203,#2205);
#2205=REPRESENTATION('NONE',($),#8);
#2206=DIMENSIONAL_SIZE(#2202,'diameter');
#2207=DIMENSIONAL_CHARACTERISTIC_REPRESENTATION(#2206,#2201);
#2208=(LENGTH_MEASURE_WITH_UNIT()MEASURE_REPRESENTATION_ITEM()MEASURE_WITH_UNIT(
LENGTH_MEASURE(22.),#9)REPRESENTATION_ITEM('diameter'));
#2209=REPRESENTATION_MAP($,#2201);
#2210=SHAPE_ASPECT('','',#29,.F.);
#2211=DRAUGHTING_MODEL_ITEM_ASSOCIATION('','',#2210,#1905,#2166);
#2212=PLANE('',#2213);
#2213=AXIS2_PLACEMENT_3D('',#2214,#2215,#2216);
#2214=CARTESIAN_POINT('',(9.45859474098958,8.15793121074268,13.3));
#2215=DIRECTION('',(-0.737664617940807,0.675167321068076,0.));
#2216=DIRECTION('',(-1.24026224795237E-16,-1.3550679198082E-16,1.));
#2217=ANNOTATION_PLANE('',(#2218),#2212,(#2255));
#2218=PRESENTATION_STYLE_ASSIGNMENT((#2220));
#2219=COLOUR_RGB('',0.,0.,0.);
#2220=CURVE_STYLE('',#2221,POSITIVE_LENGTH_MEASURE(0.1),#2219);
#2221=PRE_DEFINED_CURVE_FONT('continuous');
#2222=POLYLINE('',(#2555,#2556));
#2223=(ANNOTATION_OCCURRENCE()ANNOTATION_CURVE_OCCURRENCE()DRAUGHTING_ANNOTATION_OCCURRENCE(
)GEOMETRIC_REPRESENTATION_ITEM()REPRESENTATION_ITEM('')STYLED_ITEM((#2224),#2222));
#2224=PRESENTATION_STYLE_ASSIGNMENT((#2225));
#2225=CURVE_STYLE('',#2226,POSITIVE_LENGTH_MEASURE(0.1),#2227);
#2226=PRE_DEFINED_CURVE_FONT('continuous');
#2227=COLOUR_RGB('',0.,0.,0.);
#2228=EXTERNALLY_DEFINED_TEXT_FONT(IDENTIFIER(''),#2229);
#2229=EXTERNAL_SOURCE(IDENTIFIER('GOST type A'));
#2230=TEXT_LITERAL_WITH_EXTENT('','1,7',#2232,'',.LEFT.,#2228,#2231);
#2231=PLANAR_EXTENT('',8.16999912261963,7.13581323623657);
#2232=AXIS2_PLACEMENT_3D('',#2233,#2234,#2235);
#2233=CARTESIAN_POINT('',(10.8993824167934,9.73208632346984,46.1699991226196));
#2234=DIRECTION('',(-0.737664617940807,0.675167321068076,0.));
#2235=DIRECTION('',(2.06710374658728E-16,2.25844653301366E-16,-1.));
#2236=(ANNOTATION_OCCURRENCE()ANNOTATION_TEXT_OCCURRENCE()DRAUGHTING_ANNOTATION_OCCURRENCE(
)GEOMETRIC_REPRESENTATION_ITEM()REPRESENTATION_ITEM('')STYLED_ITEM((#2237),#2230));
#2237=PRESENTATION_STYLE_ASSIGNMENT((#2238));
#2238=TEXT_STYLE_WITH_BOX_CHARACTERISTICS('',#2239,(BOX_SLANT_ANGLE(0.),BOX_ROTATE_ANGLE(
0.)));
#2239=TEXT_STYLE_FOR_DEFINED_FONT(#2240);
#2240=COLOUR_RGB('',0.,0.,0.);
#2241=EXTERNALLY_DEFINED_TEXT_FONT(IDENTIFIER(''),#2242);
#2242=EXTERNAL_SOURCE(IDENTIFIER(''));
#2243=AXIS2_PLACEMENT_3D('',#2244,#2245,#2246);
#2244=CARTESIAN_POINT('',(9.45859474098958,8.15793121074268,13.3));
#2245=DIRECTION('',(-0.737664617940807,0.675167321068076,0.));
#2246=DIRECTION('',(-1.24026224795237E-16,-1.3550679198082E-16,1.));
#2247=(DIMENSION_TEXT_ASSOCIATIVITY()REPRESENTATION_ITEM('')GEOMETRIC_REPRESENTATION_ITEM(
)TEXT_LITERAL('',#2243,'',.UNSPECIFIED.,#2241)MAPPED_ITEM(#2318,$));
#2248=(ANNOTATION_OCCURRENCE()ANNOTATION_TEXT_OCCURRENCE()DRAUGHTING_ANNOTATION_OCCURRENCE(
)GEOMETRIC_REPRESENTATION_ITEM()REPRESENTATION_ITEM('')STYLED_ITEM((#2249),#2247));
#2249=PRESENTATION_STYLE_ASSIGNMENT((#2250));
#2250=TEXT_STYLE_WITH_BOX_CHARACTERISTICS('',#2251,(BOX_SLANT_ANGLE(0.),BOX_ROTATE_ANGLE(
0.)));
#2251=TEXT_STYLE_FOR_DEFINED_FONT(#2252);
#2252=COLOUR_RGB('',0.,0.,0.);
#2253=REPRESENTATION_CONTEXT('NONE','NONE');
#2254=LINEAR_DIMENSION('\X2\041B0438043D04350439043D044B0439\X0\ \X2\044004300437043C04350440\X0\:3',
(#2223,#2236,#2248,#2261,#2271,#2281,#2286,#2298));
#2255=ANNOTATION_OCCURRENCE('',(#2256),#2254);
#2256=PRESENTATION_STYLE_ASSIGNMENT((#2258));
#2257=COLOUR_RGB('',0.,0.,0.);
#2258=CURVE_STYLE('',#2259,POSITIVE_LENGTH_MEASURE(0.1),#2257);
#2259=PRE_DEFINED_CURVE_FONT('continuous');
#2260=POLYLINE('',(#2557,#2558));
#2261=PROJECTION_CURVE('',(#2262),#2260);
#2262=PRESENTATION_STYLE_ASSIGNMENT((#2264));
#2263=COLOUR_RGB('',0.,0.,0.);
#2264=CURVE_STYLE('',#2265,POSITIVE_LENGTH_MEASURE(0.1),#2263);
#2265=PRE_DEFINED_CURVE_FONT('continuous');
#2266=SHAPE_ASPECT('','',#29,.F.);
#2267=PROPERTY_DEFINITION('NONE','NONE',#2266);
#2268=PROPERTY_DEFINITION_REPRESENTATION(#2267,#2269);
#2269=REPRESENTATION('NONE',(#2260),#2253);
#2270=POLYLINE('',(#2559,#2560));
#2271=PROJECTION_CURVE('',(#2272),#2270);
#2272=PRESENTATION_STYLE_ASSIGNMENT((#2274));
#2273=COLOUR_RGB('',0.,0.,0.);
#2274=CURVE_STYLE('',#2275,POSITIVE_LENGTH_MEASURE(0.1),#2273);
#2275=PRE_DEFINED_CURVE_FONT('continuous');
#2276=SHAPE_ASPECT('','',#29,.F.);
#2277=PROPERTY_DEFINITION('NONE','NONE',#2276);
#2278=PROPERTY_DEFINITION_REPRESENTATION(#2277,#2279);
#2279=REPRESENTATION('NONE',(#2270),#2253);
#2280=POLYLINE('',(#2561,#2562));
#2281=DIMENSION_CURVE('',(#2282),#2280);
#2282=PRESENTATION_STYLE_ASSIGNMENT((#2284));
#2283=COLOUR_RGB('',0.,0.,0.);
#2284=CURVE_STYLE('',#2285,POSITIVE_LENGTH_MEASURE(0.1),#2283);
#2285=PRE_DEFINED_CURVE_FONT('continuous');
#2286=TERMINATOR_SYMBOL('',(#2287),#2291,#2281);
#2287=PRESENTATION_STYLE_ASSIGNMENT((#2289));
#2288=COLOUR_RGB('',0.,0.,0.);
#2289=CURVE_STYLE('',#2290,POSITIVE_LENGTH_MEASURE(0.1),#2288);
#2290=PRE_DEFINED_CURVE_FONT('continuous');
#2291=DEFINED_SYMBOL('',#2292,#2293);
#2292=PRE_DEFINED_TERMINATOR_SYMBOL('filled arrow');
#2293=SYMBOL_TARGET('',#2294,0.0425,0.0425);
#2294=AXIS2_PLACEMENT_3D('',#2295,#2296,#2297);
#2295=CARTESIAN_POINT('',(12.61065041481,11.6017589432203,13.3));
#2296=DIRECTION('',(-0.737664617940807,0.675167321068076,0.));
#2297=DIRECTION('',(1.51716025292844E-15,1.6575971665231E-15,-1.));
#2298=TERMINATOR_SYMBOL('',(#2299),#2303,#2281);
#2299=PRESENTATION_STYLE_ASSIGNMENT((#2301));
#2300=COLOUR_RGB('',0.,0.,0.);
#2301=CURVE_STYLE('',#2302,POSITIVE_LENGTH_MEASURE(0.1),#2300);
#2302=PRE_DEFINED_CURVE_FONT('continuous');
#2303=DEFINED_SYMBOL('',#2304,#2305);
#2304=PRE_DEFINED_TERMINATOR_SYMBOL('filled arrow');
#2305=SYMBOL_TARGET('',#2306,0.0425,0.0425);
#2306=AXIS2_PLACEMENT_3D('',#2307,#2308,#2309);
#2307=CARTESIAN_POINT('',(12.61065041481,11.6017589432203,15.));
#2308=DIRECTION('',(-0.737664617940807,0.675167321068076,0.));
#2309=DIRECTION('',(-1.51716025292844E-15,-1.6575971665231E-15,1.));
#2310=SHAPE_DIMENSION_REPRESENTATION('NONE',(#2317),#8);
#2311=SHAPE_ASPECT('','',#29,.F.);
#2312=PROPERTY_DEFINITION('NONE','NONE',#2311);
#2313=PROPERTY_DEFINITION_REPRESENTATION(#2312,#2314);
#2314=REPRESENTATION('NONE',($),#8);
#2315=DIMENSIONAL_LOCATION('linear distance','',$,#2311);
#2316=DIMENSIONAL_CHARACTERISTIC_REPRESENTATION(#2315,#2310);
#2317=(LENGTH_MEASURE_WITH_UNIT()MEASURE_REPRESENTATION_ITEM()MEASURE_WITH_UNIT(
LENGTH_MEASURE(1.7),#9)REPRESENTATION_ITEM('linear distance'));
#2318=REPRESENTATION_MAP($,#2310);
#2319=SHAPE_ASPECT_ASSOCIATIVITY('','',#2311,#2266);
#2320=SHAPE_ASPECT('','',#29,.F.);
#2321=DRAUGHTING_MODEL_ITEM_ASSOCIATION('','',#2320,#1905,#2255);
#2322=PLANE('',#2323);
#2323=AXIS2_PLACEMENT_3D('',#2324,#2325,#2326);
#2324=CARTESIAN_POINT('',(-8.43586590245238,-9.21157003932155,13.3));
#2325=DIRECTION('',(0.,0.,1.));
#2326=DIRECTION('',(-0.696503215730806,0.71755367079867,0.));
#2327=ANNOTATION_PLANE('',(#2328),#2322,(#2365));
#2328=PRESENTATION_STYLE_ASSIGNMENT((#2330));
#2329=COLOUR_RGB('',0.,0.,0.);
#2330=CURVE_STYLE('',#2331,POSITIVE_LENGTH_MEASURE(0.1),#2329);
#2331=PRE_DEFINED_CURVE_FONT('continuous');
#2332=POLYLINE('',(#2563,#2564));
#2333=(ANNOTATION_OCCURRENCE()ANNOTATION_CURVE_OCCURRENCE()DRAUGHTING_ANNOTATION_OCCURRENCE(
)GEOMETRIC_REPRESENTATION_ITEM()REPRESENTATION_ITEM('')STYLED_ITEM((#2334),#2332));
#2334=PRESENTATION_STYLE_ASSIGNMENT((#2335));
#2335=CURVE_STYLE('',#2336,POSITIVE_LENGTH_MEASURE(0.1),#2337);
#2336=PRE_DEFINED_CURVE_FONT('continuous');
#2337=COLOUR_RGB('',0.,0.,0.);
#2338=EXTERNALLY_DEFINED_TEXT_FONT(IDENTIFIER(''),#2339);
#2339=EXTERNAL_SOURCE(IDENTIFIER('GOST type A'));
#2340=TEXT_LITERAL_WITH_EXTENT('','1,47',#2342,'',.LEFT.,#2338,#2341);
#2341=PLANAR_EXTENT('',11.3449993133545,7.13581323623657);
#2342=AXIS2_PLACEMENT_3D('',#2343,#2344,#2345);
#2343=CARTESIAN_POINT('',(-32.0098887051991,-7.26886803072749,13.3));
#2344=DIRECTION('',(0.,0.,1.));
#2345=DIRECTION('',(0.696503215730806,-0.71755367079867,0.));
#2346=(ANNOTATION_OCCURRENCE()ANNOTATION_TEXT_OCCURRENCE()DRAUGHTING_ANNOTATION_OCCURRENCE(
)GEOMETRIC_REPRESENTATION_ITEM()REPRESENTATION_ITEM('')STYLED_ITEM((#2347),#2340));
#2347=PRESENTATION_STYLE_ASSIGNMENT((#2348));
#2348=TEXT_STYLE_WITH_BOX_CHARACTERISTICS('',#2349,(BOX_SLANT_ANGLE(0.),BOX_ROTATE_ANGLE(
0.)));
#2349=TEXT_STYLE_FOR_DEFINED_FONT(#2350);
#2350=COLOUR_RGB('',0.,0.,0.);
#2351=EXTERNALLY_DEFINED_TEXT_FONT(IDENTIFIER(''),#2352);
#2352=EXTERNAL_SOURCE(IDENTIFIER(''));
#2353=AXIS2_PLACEMENT_3D('',#2354,#2355,#2356);
#2354=CARTESIAN_POINT('',(-8.43586590245238,-9.21157003932155,13.3));
#2355=DIRECTION('',(0.,0.,1.));
#2356=DIRECTION('',(-0.696503215730806,0.71755367079867,0.));
#2357=(DIMENSION_TEXT_ASSOCIATIVITY()REPRESENTATION_ITEM('')GEOMETRIC_REPRESENTATION_ITEM(
)TEXT_LITERAL('',#2353,'',.UNSPECIFIED.,#2351)MAPPED_ITEM(#2428,$));
#2358=(ANNOTATION_OCCURRENCE()ANNOTATION_TEXT_OCCURRENCE()DRAUGHTING_ANNOTATION_OCCURRENCE(
)GEOMETRIC_REPRESENTATION_ITEM()REPRESENTATION_ITEM('')STYLED_ITEM((#2359),#2357));
#2359=PRESENTATION_STYLE_ASSIGNMENT((#2360));
#2360=TEXT_STYLE_WITH_BOX_CHARACTERISTICS('',#2361,(BOX_SLANT_ANGLE(0.),BOX_ROTATE_ANGLE(
0.)));
#2361=TEXT_STYLE_FOR_DEFINED_FONT(#2362);
#2362=COLOUR_RGB('',0.,0.,0.);
#2363=REPRESENTATION_CONTEXT('NONE','NONE');
#2364=LINEAR_DIMENSION('\X2\041B0438043D04350439043D044B0439\X0\ \X2\044004300437043C04350440\X0\:2',
(#2333,#2346,#2358,#2371,#2381,#2391,#2396,#2408));
#2365=ANNOTATION_OCCURRENCE('',(#2366),#2364);
#2366=PRESENTATION_STYLE_ASSIGNMENT((#2368));
#2367=COLOUR_RGB('',0.,0.,0.);
#2368=CURVE_STYLE('',#2369,POSITIVE_LENGTH_MEASURE(0.1),#2367);
#2369=PRE_DEFINED_CURVE_FONT('continuous');
#2370=POLYLINE('',(#2565,#2566));
#2371=PROJECTION_CURVE('',(#2372),#2370);
#2372=PRESENTATION_STYLE_ASSIGNMENT((#2374));
#2373=COLOUR_RGB('',0.,0.,0.);
#2374=CURVE_STYLE('',#2375,POSITIVE_LENGTH_MEASURE(0.1),#2373);
#2375=PRE_DEFINED_CURVE_FONT('continuous');
#2376=SHAPE_ASPECT('','',#29,.F.);
#2377=PROPERTY_DEFINITION('NONE','NONE',#2376);
#2378=PROPERTY_DEFINITION_REPRESENTATION(#2377,#2379);
#2379=REPRESENTATION('NONE',(#2370),#2363);
#2380=POLYLINE('',(#2567,#2568));
#2381=PROJECTION_CURVE('',(#2382),#2380);
#2382=PRESENTATION_STYLE_ASSIGNMENT((#2384));
#2383=COLOUR_RGB('',0.,0.,0.);
#2384=CURVE_STYLE('',#2385,POSITIVE_LENGTH_MEASURE(0.1),#2383);
#2385=PRE_DEFINED_CURVE_FONT('continuous');
#2386=SHAPE_ASPECT('','',#29,.F.);
#2387=PROPERTY_DEFINITION('NONE','NONE',#2386);
#2388=PROPERTY_DEFINITION_REPRESENTATION(#2387,#2389);
#2389=REPRESENTATION('NONE',(#2380),#2363);
#2390=POLYLINE('',(#2569,#2570));
#2391=DIMENSION_CURVE('',(#2392),#2390);
#2392=PRESENTATION_STYLE_ASSIGNMENT((#2394));
#2393=COLOUR_RGB('',0.,0.,0.);
#2394=CURVE_STYLE('',#2395,POSITIVE_LENGTH_MEASURE(0.1),#2393);
#2395=PRE_DEFINED_CURVE_FONT('continuous');
#2396=TERMINATOR_SYMBOL('',(#2397),#2401,#2391);
#2397=PRESENTATION_STYLE_ASSIGNMENT((#2399));
#2398=COLOUR_RGB('',0.,0.,0.);
#2399=CURVE_STYLE('',#2400,POSITIVE_LENGTH_MEASURE(0.1),#2398);
#2400=PRE_DEFINED_CURVE_FONT('continuous');
#2401=DEFINED_SYMBOL('',#2402,#2403);
#2402=PRE_DEFINED_TERMINATOR_SYMBOL('filled arrow');
#2403=SYMBOL_TARGET('',#2404,0.0367094083501143,0.0367094083501143);
#2404=AXIS2_PLACEMENT_3D('',#2405,#2406,#2407);
#2405=CARTESIAN_POINT('',(-21.4215150273682,-21.8162667218552,13.3));
#2406=DIRECTION('',(0.,0.,1.));
#2407=DIRECTION('',(0.696503215730804,-0.717553670798673,0.));
#2408=TERMINATOR_SYMBOL('',(#2409),#2413,#2391);
#2409=PRESENTATION_STYLE_ASSIGNMENT((#2411));
#2410=COLOUR_RGB('',0.,0.,0.);
#2411=CURVE_STYLE('',#2412,POSITIVE_LENGTH_MEASURE(0.1),#2410);
#2412=PRE_DEFINED_CURVE_FONT('continuous');
#2413=DEFINED_SYMBOL('',#2414,#2415);
#2414=PRE_DEFINED_TERMINATOR_SYMBOL('filled arrow');
#2415=SYMBOL_TARGET('',#2416,0.0367094083501143,0.0367094083501143);
#2416=AXIS2_PLACEMENT_3D('',#2417,#2418,#2419);
#2417=CARTESIAN_POINT('',(-22.4442438659054,-20.7626278932763,13.3));
#2418=DIRECTION('',(0.,0.,1.));
#2419=DIRECTION('',(-0.696503215730804,0.717553670798673,0.));
#2420=SHAPE_DIMENSION_REPRESENTATION('NONE',(#2427),#8);
#2421=SHAPE_ASPECT('','',#29,.F.);
#2422=PROPERTY_DEFINITION('NONE','NONE',#2421);
#2423=PROPERTY_DEFINITION_REPRESENTATION(#2422,#2424);
#2424=REPRESENTATION('NONE',($),#8);
#2425=DIMENSIONAL_LOCATION('linear distance','',$,#2421);
#2426=DIMENSIONAL_CHARACTERISTIC_REPRESENTATION(#2425,#2420);
#2427=(LENGTH_MEASURE_WITH_UNIT()MEASURE_REPRESENTATION_ITEM()MEASURE_WITH_UNIT(
LENGTH_MEASURE(1.46837633400457),#9)REPRESENTATION_ITEM('linear distance'));
#2428=REPRESENTATION_MAP($,#2420);
#2429=SHAPE_ASPECT_ASSOCIATIVITY('','',#2421,#2376);
#2430=SHAPE_ASPECT('','',#29,.F.);
#2431=DRAUGHTING_MODEL_ITEM_ASSOCIATION('','',#2430,#1905,#2365);
#2432=PLANE('',#2433);
#2433=AXIS2_PLACEMENT_3D('',#2434,#2435,#2436);
#2434=CARTESIAN_POINT('',(9.45859474098958,8.15793121074268,13.3));
#2435=DIRECTION('',(0.,0.,1.));
#2436=DIRECTION('',(-0.696503215730806,0.71755367079867,0.));
#2437=ANNOTATION_PLANE('',(#2438),#2432,(#2475));
#2438=PRESENTATION_STYLE_ASSIGNMENT((#2440));
#2439=COLOUR_RGB('',0.,0.,0.);
#2440=CURVE_STYLE('',#2441,POSITIVE_LENGTH_MEASURE(0.1),#2439);
#2441=PRE_DEFINED_CURVE_FONT('continuous');
#2442=POLYLINE('',(#2571,#2572));
#2443=(ANNOTATION_OCCURRENCE()ANNOTATION_CURVE_OCCURRENCE()DRAUGHTING_ANNOTATION_OCCURRENCE(
)GEOMETRIC_REPRESENTATION_ITEM()REPRESENTATION_ITEM('')STYLED_ITEM((#2444),#2442));
#2444=PRESENTATION_STYLE_ASSIGNMENT((#2445));
#2445=CURVE_STYLE('',#2446,POSITIVE_LENGTH_MEASURE(0.1),#2447);
#2446=PRE_DEFINED_CURVE_FONT('continuous');
#2447=COLOUR_RGB('',0.,0.,0.);
#2448=EXTERNALLY_DEFINED_TEXT_FONT(IDENTIFIER(''),#2449);
#2449=EXTERNAL_SOURCE(IDENTIFIER('GOST type A'));
#2450=TEXT_LITERAL_WITH_EXTENT('','1,47',#2452,'',.LEFT.,#2448,#2451);
#2451=PLANAR_EXTENT('',11.3449993133545,7.13581323623657);
#2452=AXIS2_PLACEMENT_3D('',#2453,#2454,#2455);
#2453=CARTESIAN_POINT('',(30.7303968268896,21.8375749178024,13.3));
#2454=DIRECTION('',(0.,0.,1.));
#2455=DIRECTION('',(0.696503215730806,-0.71755367079867,0.));
#2456=(ANNOTATION_OCCURRENCE()ANNOTATION_TEXT_OCCURRENCE()DRAUGHTING_ANNOTATION_OCCURRENCE(
)GEOMETRIC_REPRESENTATION_ITEM()REPRESENTATION_ITEM('')STYLED_ITEM((#2457),#2450));
#2457=PRESENTATION_STYLE_ASSIGNMENT((#2458));
#2458=TEXT_STYLE_WITH_BOX_CHARACTERISTICS('',#2459,(BOX_SLANT_ANGLE(0.),BOX_ROTATE_ANGLE(
0.)));
#2459=TEXT_STYLE_FOR_DEFINED_FONT(#2460);
#2460=COLOUR_RGB('',0.,0.,0.);
#2461=EXTERNALLY_DEFINED_TEXT_FONT(IDENTIFIER(''),#2462);
#2462=EXTERNAL_SOURCE(IDENTIFIER(''));
#2463=AXIS2_PLACEMENT_3D('',#2464,#2465,#2466);
#2464=CARTESIAN_POINT('',(9.45859474098958,8.15793121074268,13.3));
#2465=DIRECTION('',(0.,0.,1.));
#2466=DIRECTION('',(-0.696503215730806,0.71755367079867,0.));
#2467=(DIMENSION_TEXT_ASSOCIATIVITY()REPRESENTATION_ITEM('')GEOMETRIC_REPRESENTATION_ITEM(
)TEXT_LITERAL('',#2463,'',.UNSPECIFIED.,#2461)MAPPED_ITEM(#2538,$));
#2468=(ANNOTATION_OCCURRENCE()ANNOTATION_TEXT_OCCURRENCE()DRAUGHTING_ANNOTATION_OCCURRENCE(
)GEOMETRIC_REPRESENTATION_ITEM()REPRESENTATION_ITEM('')STYLED_ITEM((#2469),#2467));
#2469=PRESENTATION_STYLE_ASSIGNMENT((#2470));
#2470=TEXT_STYLE_WITH_BOX_CHARACTERISTICS('',#2471,(BOX_SLANT_ANGLE(0.),BOX_ROTATE_ANGLE(
0.)));
#2471=TEXT_STYLE_FOR_DEFINED_FONT(#2472);
#2472=COLOUR_RGB('',0.,0.,0.);
#2473=REPRESENTATION_CONTEXT('NONE','NONE');
#2474=LINEAR_DIMENSION('\X2\041B0438043D04350439043D044B0439\X0\ \X2\044004300437043C04350440\X0\:1',
(#2443,#2456,#2468,#2481,#2491,#2501,#2506,#2518));
#2475=ANNOTATION_OCCURRENCE('',(#2476),#2474);
#2476=PRESENTATION_STYLE_ASSIGNMENT((#2478));
#2477=COLOUR_RGB('',0.,0.,0.);
#2478=CURVE_STYLE('',#2479,POSITIVE_LENGTH_MEASURE(0.1),#2477);
#2479=PRE_DEFINED_CURVE_FONT('continuous');
#2480=POLYLINE('',(#2573,#2574));
#2481=PROJECTION_CURVE('',(#2482),#2480);
#2482=PRESENTATION_STYLE_ASSIGNMENT((#2484));
#2483=COLOUR_RGB('',0.,0.,0.);
#2484=CURVE_STYLE('',#2485,POSITIVE_LENGTH_MEASURE(0.1),#2483);
#2485=PRE_DEFINED_CURVE_FONT('continuous');
#2486=SHAPE_ASPECT('','',#29,.F.);
#2487=PROPERTY_DEFINITION('NONE','NONE',#2486);
#2488=PROPERTY_DEFINITION_REPRESENTATION(#2487,#2489);
#2489=REPRESENTATION('NONE',(#2480),#2473);
#2490=POLYLINE('',(#2575,#2576));
#2491=PROJECTION_CURVE('',(#2492),#2490);
#2492=PRESENTATION_STYLE_ASSIGNMENT((#2494));
#2493=COLOUR_RGB('',0.,0.,0.);
#2494=CURVE_STYLE('',#2495,POSITIVE_LENGTH_MEASURE(0.1),#2493);
#2495=PRE_DEFINED_CURVE_FONT('continuous');
#2496=SHAPE_ASPECT('','',#29,.F.);
#2497=PROPERTY_DEFINITION('NONE','NONE',#2496);
#2498=PROPERTY_DEFINITION_REPRESENTATION(#2497,#2499);
#2499=REPRESENTATION('NONE',(#2490),#2473);
#2500=POLYLINE('',(#2577,#2578));
#2501=DIMENSION_CURVE('',(#2502),#2500);
#2502=PRESENTATION_STYLE_ASSIGNMENT((#2504));
#2503=COLOUR_RGB('',0.,0.,0.);
#2504=CURVE_STYLE('',#2505,POSITIVE_LENGTH_MEASURE(0.1),#2503);
#2505=PRE_DEFINED_CURVE_FONT('continuous');
#2506=TERMINATOR_SYMBOL('',(#2507),#2511,#2501);
#2507=PRESENTATION_STYLE_ASSIGNMENT((#2509));
#2508=COLOUR_RGB('',0.,0.,0.);
#2509=CURVE_STYLE('',#2510,POSITIVE_LENGTH_MEASURE(0.1),#2508);
#2510=PRE_DEFINED_CURVE_FONT('continuous');
#2511=DEFINED_SYMBOL('',#2512,#2513);
#2512=PRE_DEFINED_TERMINATOR_SYMBOL('filled arrow');
#2513=SYMBOL_TARGET('',#2514,0.0367094083501143,0.0367094083501143);
#2514=AXIS2_PLACEMENT_3D('',#2515,#2516,#2517);
#2515=CARTESIAN_POINT('',(25.42918100466,23.6599976657462,13.3));
#2516=DIRECTION('',(0.,0.,1.));
#2517=DIRECTION('',(0.696503215730806,-0.71755367079867,0.));
#2518=TERMINATOR_SYMBOL('',(#2519),#2523,#2501);
#2519=PRESENTATION_STYLE_ASSIGNMENT((#2521));
#2520=COLOUR_RGB('',0.,0.,0.);
#2521=CURVE_STYLE('',#2522,POSITIVE_LENGTH_MEASURE(0.1),#2520);
#2522=PRE_DEFINED_CURVE_FONT('continuous');
#2523=DEFINED_SYMBOL('',#2524,#2525);
#2524=PRE_DEFINED_TERMINATOR_SYMBOL('filled arrow');
#2525=SYMBOL_TARGET('',#2526,0.0367094083501143,0.0367094083501143);
#2526=AXIS2_PLACEMENT_3D('',#2527,#2528,#2529);
#2527=CARTESIAN_POINT('',(24.4064521661228,24.7136364943251,13.3));
#2528=DIRECTION('',(0.,0.,1.));
#2529=DIRECTION('',(-0.696503215730806,0.71755367079867,0.));
#2530=SHAPE_DIMENSION_REPRESENTATION('NONE',(#2537),#8);
#2531=SHAPE_ASPECT('','',#29,.F.);
#2532=PROPERTY_DEFINITION('NONE','NONE',#2531);
#2533=PROPERTY_DEFINITION_REPRESENTATION(#2532,#2534);
#2534=REPRESENTATION('NONE',($),#8);
#2535=DIMENSIONAL_LOCATION('linear distance','',$,#2531);
#2536=DIMENSIONAL_CHARACTERISTIC_REPRESENTATION(#2535,#2530);
#2537=(LENGTH_MEASURE_WITH_UNIT()MEASURE_REPRESENTATION_ITEM()MEASURE_WITH_UNIT(
LENGTH_MEASURE(1.46837633400457),#9)REPRESENTATION_ITEM('linear distance'));
#2538=REPRESENTATION_MAP($,#2530);
#2539=SHAPE_ASPECT_ASSOCIATIVITY('','',#2531,#2486);
#2540=SHAPE_ASPECT('','',#29,.F.);
#2541=DRAUGHTING_MODEL_ITEM_ASSOCIATION('','',#2540,#1905,#2475);
#2542=CARTESIAN_POINT('',(-1.28456074869674,2.08624152075154,15.));
#2543=CARTESIAN_POINT('',(-23.3558398349868,37.9319723611416,15.));
#2544=CARTESIAN_POINT('',(1.28456074869674,-2.08624152075154,15.));
#2545=CARTESIAN_POINT('',(-1.28456074869674,2.08624152075154,15.));
#2546=CARTESIAN_POINT('',(-3.26396612741741,1.26353675018647,15.));
#2547=CARTESIAN_POINT('',(-38.7445884475088,14.9986885473633,15.));
#2548=CARTESIAN_POINT('',(3.26396612741741,-1.26353675018647,15.));
#2549=CARTESIAN_POINT('',(-3.26396612741741,1.26353675018647,15.));
#2550=CARTESIAN_POINT('',(-8.70298978875435,6.72740430900637,15.));
#2551=CARTESIAN_POINT('',(-41.0147912472255,31.704401598416,15.));
#2552=CIRCLE('',#2579,11.);
#2553=CARTESIAN_POINT('',(8.70298978875435,-6.72740430900637,15.));
#2554=CARTESIAN_POINT('',(-8.70298978875435,6.72740430900637,15.));
#2555=CARTESIAN_POINT('',(12.61065041481,11.6017589432203,15.));
#2556=CARTESIAN_POINT('',(12.6106504148099,11.6017589432203,48.1699991226196));
#2557=CARTESIAN_POINT('',(9.45859474098958,8.15793121074268,13.3));
#2558=CARTESIAN_POINT('',(13.9609850569461,13.0770881791019,13.3));
#2559=CARTESIAN_POINT('',(9.45859474098958,8.15793121074268,15.));
#2560=CARTESIAN_POINT('',(13.9609850569461,13.0770881791019,15.));
#2561=CARTESIAN_POINT('',(12.61065041481,11.6017589432203,13.3));
#2562=CARTESIAN_POINT('',(12.61065041481,11.6017589432203,15.));
#2563=CARTESIAN_POINT('',(-22.4442438659054,-20.7626278932763,13.3));
#2564=CARTESIAN_POINT('',(-35.2215948802363,-7.59910629517971,13.3));
#2565=CARTESIAN_POINT('',(-8.43586590245238,-9.21157003932155,13.3));
#2566=CARTESIAN_POINT('',(-22.8566223689656,-23.2092731533168,13.3));
#2567=CARTESIAN_POINT('',(-9.45859474098958,-8.15793121074268,13.3));
#2568=CARTESIAN_POINT('',(-23.8793512075028,-22.1556343247379,13.3));
#2569=CARTESIAN_POINT('',(-21.4215150273682,-21.8162667218552,13.3));
#2570=CARTESIAN_POINT('',(-22.4442438659054,-20.7626278932763,13.3));
#2571=CARTESIAN_POINT('',(25.42918100466,23.6599976657462,13.3));
#2572=CARTESIAN_POINT('',(38.2065320189908,10.4964760676496,13.3));
#2573=CARTESIAN_POINT('',(9.45859474098958,8.15793121074268,13.3));
#2574=CARTESIAN_POINT('',(26.8642883462573,25.0530040972078,13.3));
#2575=CARTESIAN_POINT('',(8.43586590245238,9.21157003932155,13.3));
#2576=CARTESIAN_POINT('',(25.8415595077201,26.1066429257867,13.3));
#2577=CARTESIAN_POINT('',(25.42918100466,23.6599976657462,13.3));
#2578=CARTESIAN_POINT('',(24.4064521661228,24.7136364943251,13.3));
#2579=AXIS2_PLACEMENT_3D('',#2580,#2581,#2582);
#2580=CARTESIAN_POINT('',(0.,0.,15.));
#2581=DIRECTION('',(0.,0.,1.));
#2582=DIRECTION('',(-0.79118088988676,0.61158220990967,0.));
ENDSEC;
END-ISO-10303-21;
